RegionID,SizeRank,RegionName,RegionType,StateName,1/31/2018,2/28/2018,3/31/2018,4/30/2018,5/31/2018,6/30/2018,7/31/2018,8/31/2018,9/30/2018,10/31/2018,11/30/2018,12/31/2018,1/31/2019,2/28/2019,3/31/2019,4/30/2019,5/31/2019,6/30/2019,7/31/2019,8/31/2019,9/30/2019,10/31/2019,11/30/2019,12/31/2019,1/31/2020,2/29/2020,3/31/2020,4/30/2020,5/31/2020,6/30/2020,7/31/2020,8/31/2020,9/30/2020,10/31/2020,11/30/2020,12/31/2020,1/31/2021,2/28/2021,3/31/2021,4/30/2021,5/31/2021,6/30/2021
102001,0,United States,Country,,1429892,1387268,1444541,1531870,1633928,1707869,1759313,1784123,1773162,1752806,1695898,1598934,1510861,1462365,1509085,1575725,1668309,1740193,1784957,1795550,1776559,1746307,1672387,1555724,1451702,1401415,1427022,1414456,1435937,1434855,1459006,1428580,1382495,1341330,1262933,1153448,1058780,978030,965667,947716,984487,1015442
394913,1,"New York, NY",Msa,NY,69042,68613,73144,80093,86121,90670,92768,92251,90984,90154,87861,82599,77330,75081,78749,84579,91420,96069,97629,96100,94310,92272,88728,81657,75198,72729,74931,72589,70829,70443,76594,80524,81886,80920,77520,70859,64178,59849,59090,59749,61965,64426
753899,2,"Los Angeles-Long Beach-Anaheim, CA",Msa,CA,20099,19939,21904,23827,25795,27388,29086,30153,30693,30916,30391,28626,26994,26172,27481,28773,30455,31368,32054,31889,31344,30361,28313,25090,22321,21272,21824,21509,21934,22926,24971,25943,26327,26317,25251,22937,20682,19436,19923,20268,20734,20856
394463,3,"Chicago, IL",Msa,IL,42861,41185,44820,49383,53931,56308,58207,59180,59007,58260,55533,50746,46071,44297,47314,52299,57205,60379,61731,62212,61887,60848,57609,52166,47410,46039,47874,47777,48148,48674,51191,51826,50929,49661,46457,41614,37007,33328,32918,33253,35728,37875
394514,4,"Dallas-Fort Worth, TX",Msa,TX,24279,23200,24340,26745,29535,31953,33914,35086,35139,34276,33038,31073,29605,28933,30482,32438,34869,37279,39340,40395,39823,38689,36943,34538,32330,31427,32112,32242,33218,33795,34681,33500,31422,30192,28512,26501,24084,21890,21482,21244,22255,22927
394974,5,"Philadelphia, PA",Msa,PA,26486,25046,26073,28354,30658,31825,31549,30705,29968,29843,29311,27799,26133,25035,26085,27855,29844,30954,31458,30936,30177,29197,27975,25778,23506,22389,22465,21285,20947,21102,22482,22612,21921,21400,20322,18558,16820,15467,15754,16387,17902,18918
394692,6,"Houston, TX",Msa,TX,33019,32177,33795,35857,38685,40364,41677,42119,41387,40356,38805,37156,36143,35833,37411,38982,41075,43287,45124,46157,45314,43980,42110,40178,38894,38702,39795,39904,40593,40394,40399,38703,36753,35206,33180,31006,29396,27883,27678,26554,26639,26578
395209,7,"Washington, DC",Msa,DC,22397,21113,22694,26066,29027,29207,27959,26443,26059,25897,25013,22690,19900,18231,19388,21761,24560,26056,26344,25498,24795,24312,23234,20668,18294,17316,18518,19009,19662,19335,19685,19357,19302,19297,18580,16717,14811,13591,14420,15847,18005,19308
394856,8,"Miami-Fort Lauderdale, FL",Msa,FL,60787,62401,65473,66753,67223,65689,64286,63178,62623,63137,63807,64291,65765,67724,70593,71109,70726,69136,67590,65846,64285,63721,63377,63003,63265,64028,65045,62953,61704,60983,61584,60759,59643,59257,58270,56715,54979,51413,47442,42263,39514,37141
394347,9,"Atlanta, GA",Msa,GA,29769,28646,29757,31144,32766,34280,35775,36852,36649,36176,35083,33469,32171,32928,34623,36307,37293,38968,40356,41148,41079,40808,39511,37447,35774,35125,36119,36439,37736,37914,37845,36287,34308,32900,30774,28388,26357,24470,23961,22861,23080,23580
394404,10,"Boston, MA",Msa,MA,10522,9498,10076,11705,14005,15878,16761,16634,16762,17171,16912,15075,13041,11862,12645,14132,16422,17975,18350,17499,17089,17123,16507,14117,11627,10543,11213,11524,12405,13348,14626,14817,14681,14595,13728,11619,9511,8303,8839,9823,10919,11526
395057,11,"San Francisco, CA",Msa,CA,4457,4276,5249,6326,7344,7893,8169,8165,8449,8894,8785,7632,6389,5990,6779,7818,8822,9349,9510,9178,9178,9205,8705,7105,5576,5206,5748,5973,6514,7308,8594,9195,9599,9996,9626,8358,6899,6443,7033,7704,8146,8406
394532,12,"Detroit, MI",Msa,MI,15174,13992,14231,15176,16887,18489,19941,21197,21795,21972,21144,19636,18070,16830,16854,17405,18932,20592,22176,23340,23878,23874,22754,20802,18845,17576,17129,15653,16108,16781,18551,18496,17941,17336,15938,14144,12433,11124,10941,10983,11939,12953
395025,13,"Riverside, CA",Msa,CA,17518,17631,18613,19476,20302,20945,21614,21941,22036,22098,21965,21285,20731,20303,20876,21223,21626,21677,21669,21639,21355,21098,20355,19149,18077,17454,17410,16697,16436,16011,15696,14842,14158,13960,13339,12245,11079,10301,10331,10327,10774,11184
394976,14,"Phoenix, AZ",Msa,AZ,25667,25891,27491,28521,28930,28322,27100,26085,25363,25596,25800,25517,25891,26685,28778,29808,30259,29471,27911,26279,24864,24482,23922,22908,22145,22000,23121,23387,23676,23003,22261,21276,20940,21504,21381,20147,18404,17274,17208,17362,17635,17818
395078,15,"Seattle, WA",Msa,WA,7734,6790,7391,8428,10380,12041,13500,14266,14860,15091,14402,12495,10770,9507,10080,10919,12970,14489,15507,15334,14682,13798,12197,9850,7937,7166,7868,8518,9478,10087,11043,11732,12090,12074,10881,9088,7490,6782,7464,8284,9389,9989
394865,16,"Minneapolis-St Paul, MN",Msa,MN,10331,9547,10347,11751,13570,15111,16214,16723,16714,16444,15251,13255,11324,10226,10609,11838,13869,15914,17197,17645,17493,17206,16067,13987,11909,10974,11734,12559,13654,14115,14756,14816,14704,14520,13310,11363,9483,8602,8982,9770,10891,11914
395056,17,"San Diego, CA",Msa,CA,6451,6401,7122,7905,8706,9260,9827,10274,10551,10612,10383,9754,9208,8866,9223,9557,10064,10386,10654,10672,10379,9947,9148,8128,7325,7019,7281,7259,7495,7613,7937,7882,7739,7610,7133,6387,5611,5237,5431,5632,5999,6315
395121,18,"St. Louis, MO",Msa,MO,12943,12336,12816,13632,14634,15295,15762,15977,15813,15643,15010,13969,12683,11732,11961,12649,13670,14254,14539,14598,14550,14580,14223,13239,12079,11328,11568,11498,11622,11361,11540,11385,11276,11197,10716,9767,8848,7901,7722,7655,8209,8594
395148,19,"Tampa, FL",Msa,FL,18205,18482,19633,20384,20943,20925,20539,20247,19906,19961,20034,19911,20273,20742,21700,21587,21357,21106,21046,20830,20290,20032,19696,19021,18739,18765,19390,18931,18823,18143,17683,16592,15714,15498,15052,14484,13738,12957,12494,11655,11424,11329
394358,20,"Baltimore, MD",Msa,MD,12983,12297,12794,13981,15221,15624,15376,14944,14689,14563,14172,13353,12344,11589,12049,13081,14377,15141,15384,15187,14907,14682,14103,12881,11598,10898,11057,10899,10984,10722,10739,10324,10031,9849,9306,8309,7322,6622,6676,7050,7872,8444
394530,21,"Denver, CO",Msa,CO,10679,10092,11218,12689,14485,16116,17109,17671,17733,17759,17028,15211,13701,12942,13867,15151,17212,19053,20149,20435,20100,19500,17703,14993,12772,11749,12669,13167,15029,16045,17211,16712,15790,14929,13139,10929,8827,7236,6780,6618,7336,8094
394982,22,"Pittsburgh, PA",Msa,PA,10736,10187,10342,10774,11386,11903,12204,12279,11990,11726,11231,10520,9792,9303,9467,9801,10353,10748,10821,10742,10604,10608,10314,9624,9001,8621,8491,7827,7934,8303,9050,8972,8783,8479,7916,6934,6201,5576,5545,5599,6102,6467
394998,23,"Portland, OR",Msa,OR,7670,7009,7312,8088,9352,10597,11530,12130,12339,12209,11561,10398,9424,8773,9084,9653,10852,11845,12596,12793,12644,12140,11157,9702,8576,7977,8426,8779,9532,9827,10273,10234,9878,9478,8520,7389,6346,5762,6013,6302,7011,7468
394458,24,"Charlotte, NC",Msa,NC,8956,8788,9664,10461,11276,11612,11993,12170,11910,11664,11150,10453,9918,9746,10696,11367,12276,12714,13302,13420,13282,13112,12494,11434,10544,10144,10622,10592,10968,10623,10399,9746,9325,9157,8667,7917,7325,6941,7035,6871,7046,7254
395045,25,"Sacramento, CA",Msa,CA,5744,5399,5831,6506,7447,8211,8780,9162,9285,9311,8820,7936,7061,6481,6584,7018,7823,8579,9097,9357,9318,9031,8253,7129,6237,5894,6188,6392,6825,7150,7378,7158,6844,6712,6239,5440,4486,3983,4135,4525,4997,
395055,26,"San Antonio, TX",Msa,TX,11434,11298,11983,12827,13544,14005,14363,14607,14392,14006,13534,13087,12832,12745,13449,14208,15053,15860,16607,17065,16902,16577,16037,15436,14901,14804,15148,15187,15468,15480,15466,14855,14068,13570,12771,11858,10923,9833,9260,8555,8639,8522
394943,27,"Orlando, FL",Msa,FL,12233,12244,12846,13290,13755,13917,13947,14026,14079,14195,14084,13772,13684,13808,14394,14570,14736,14903,15065,14994,14580,14379,14093,13606,13183,13061,13332,13085,13241,13340,13668,13473,13131,13053,12646,12094,11587,11021,10764,9910,9593,9256
394466,28,"Cincinnati, OH",Msa,OH,8054,7669,7880,8289,8999,9507,10025,10250,10328,10261,9911,9235,8538,8028,8154,8463,8969,9427,9703,9828,9772,9626,9181,8356,7675,7197,7246,7128,7339,7422,7573,7459,7279,7125,6709,6108,5584,5050,4986,4870,5228,5470
394475,29,"Cleveland, OH",Msa,OH,12007,11369,11701,12433,13436,14171,14721,14907,14777,14387,13739,12724,11672,11055,11375,12118,13146,13946,14530,14724,14604,14301,13575,12509,11279,10436,10294,10023,10026,9953,10322,10520,10485,10234,9577,8547,7666,6317,5550,4885,5281,5746
394735,30,"Kansas City, MO",Msa,MO,9268,8817,9211,10019,11149,12174,12658,12814,12428,11808,10875,9708,9049,8592,8831,9340,10021,10450,10647,10718,10667,10544,10091,9235,8326,7773,7851,7834,8040,8005,8058,7788,7522,7461,7097,6521,5820,5189,5154,5350,5975,6455
394775,31,"Las Vegas, NV",Msa,NV,12006,11834,12376,12955,12188,11184,11259,11719,12380,11999,12331,12169,12327,12638,13543,14050,14679,15012,15255,15200,14891,14526,13789,12762,11888,11269,11244,11115,11526,11806,12087,12070,12040,12090,11627,10809,9716,8767,8125,7679,7645,7804
394492,32,"Columbus, OH",Msa,OH,5311,4899,5073,5484,6243,6872,7413,7703,7698,7624,7206,6549,5856,5344,5465,5700,6341,6853,7313,7512,7532,7494,7119,6461,5809,5334,5355,5310,5509,5572,5739,5724,5656,5713,5463,4985,4390,3964,3973,4078,4535,4938
394705,33,"Indianapolis, IN",Msa,IN,7261,6807,7148,7540,7859,8036,8314,8744,8837,8918,8645,8076,7398,6881,6988,7267,7866,8414,8903,9239,9373,9410,9050,8349,7657,7176,7147,6935,7024,6954,7024,6873,6858,7056,6951,6442,5801,5211,5174,5229,5666,6000
395059,34,"San Jose, CA",Msa,CA,1303,1317,1686,2089,2509,2746,2952,3027,3165,3275,3181,2747,2318,2209,2530,2948,3377,3657,3783,3674,3549,3399,3041,2432,1900,1796,2010,2159,2403,2658,2993,3099,3182,3284,3144,2757,2352,2270,2589,2894,3124,3173
394355,35,"Austin, TX",Msa,TX,7140,6801,7323,8221,9240,9957,10336,10409,10117,9786,9330,8787,8236,7894,8215,8748,9416,10089,10563,10809,10627,10313,9710,8801,8130,7817,8195,8465,9130,9375,9540,9052,8523,8351,7934,7374,6444,5799,6063,6688,7759,8356
395194,36,"Virginia Beach, VA",Msa,VA,11855,11474,11789,12469,13257,13781,13957,13859,13376,12998,12490,11871,11344,11061,11447,12008,12703,13104,13197,13002,12588,12086,11408,10606,9945,9681,10007,10158,10310,10081,9913,9529,9165,8865,8487,7879,7251,6624,6537,6827,7454,7880
394902,37,"Nashville, TN",Msa,TN,8697,8394,8780,9463,10305,11043,11576,11977,12070,12148,11977,11514,11063,10740,11007,11456,12178,12843,13437,13612,13591,13516,13176,12456,11604,11179,11341,11469,11996,12361,12701,12444,11861,11331,10601,9704,,,,,,
395005,38,"Providence, RI",Msa,RI,5987,5459,5439,5898,6631,7391,7932,8230,8334,8378,8084,7431,6634,6112,6118,6474,7092,7598,7819,7817,7801,7794,7456,6786,6076,5640,5595,5465,5544,5590,5822,5814,5716,5575,5272,4724,4150,3447,3176,2981,3245,3436
394862,39,"Milwaukee, WI",Msa,WI,4156,3843,3996,4413,5020,5367,5561,5514,5459,5379,5114,4685,4152,3779,3745,3850,4164,4459,4719,4807,4795,4719,4436,3996,3485,3277,3402,3612,3814,3989,4271,4527,4662,4704,4477,3980,3363,2903,2876,3155,3820,4743
394714,40,"Jacksonville, FL",Msa,FL,9776,10023,10826,11613,12149,12440,12682,12789,12655,12427,12136,11651,11433,11485,12172,12902,13377,13659,13529,13338,12884,12655,12303,11894,11506,11570,12036,12054,12050,11620,11283,10582,9855,9336,8766,8228,7683,7029,6661,6342,6419,6489
394849,41,"Memphis, TN",Msa,TN,5729,5562,5673,5894,6215,6513,6797,6960,6920,6780,6510,6283,6092,6029,6169,6245,6329,6327,6387,6410,6341,6249,6027,5706,5418,5200,5179,5079,5113,4976,4870,4627,4447,4265,4046,3727,3430,3188,3260,3395,3707,3955
394935,42,"Oklahoma City, OK",Msa,OK,8423,8165,8350,8563,8964,9175,9302,9255,9038,8741,8436,8007,7600,7198,7183,7389,7675,8003,8207,8416,8288,8047,7640,7193,6867,6660,6745,6706,6942,6965,6981,6702,6411,6158,5717,5192,4728,4258,4223,4090,4275,4369
394807,43,"Louisville-Jefferson County, KY",Msa,KY,4490,4302,4489,4726,5044,5390,5762,5984,6015,6031,5934,5634,5292,4991,5083,5217,5510,5727,5930,6033,6086,6106,5941,5472,5051,4749,4732,4580,4600,4528,4515,4345,4252,4272,4186,3941,3634,3302,3258,3212,3422,3567
394669,44,"Hartford, CT",Msa,CT,5880,5267,5162,5584,6250,6895,7049,7101,6937,6870,6618,6063,5437,5044,5154,5528,6109,6521,6742,6741,6689,6581,6249,5670,5100,4757,4775,4634,4665,4669,4860,4820,4793,4770,4550,4031,3445,2964,2864,2948,3261,3493
395022,45,"Richmond, VA",Msa,VA,4955,4786,5070,5547,5969,6229,6298,6295,6168,6091,5844,5399,4953,4679,4847,5108,5537,5824,6006,5989,5940,5955,5778,5370,4961,4776,4960,5039,5126,4998,4876,4659,4535,4504,4345,3980,3577,3296,3388,3551,3905,4109
394910,46,"New Orleans, LA",Msa,LA,3832,3812,4030,4230,4434,4509,4551,4491,4332,4213,4082,3935,3834,3809,3957,4091,4268,4501,4626,4729,4608,4477,4209,3921,3731,3608,3685,3635,3741,3647,3593,,,,2779,2650,2562,2465,2462,2410,2441,2448
394425,47,"Buffalo, NY",Msa,NY,2813,2535,2544,2674,2986,3251,3548,3715,3788,3724,3486,3132,2791,2555,2584,2695,2983,3277,3521,3651,3667,3621,3417,3042,2696,2460,2404,2208,2214,2382,2706,2892,2844,2724,2441,2077,1761,1541,1575,1654,1877,2070
395012,48,"Raleigh, NC",Msa,NC,6344,6220,6663,7169,7717,8054,8081,7974,7648,7611,7372,7061,6801,6714,7087,7402,7921,8509,8825,8980,8810,8817,8569,8111,7781,7609,7899,7884,8031,7738,7519,7066,6673,6351,5752,5056,4349,3842,3651,3509,3464,3300
394388,49,"Birmingham, AL",Msa,AL,6225,6151,6395,6701,6974,7200,7260,7275,7147,7008,6718,6284,5936,5730,5917,6123,6379,6614,6793,6913,6832,6635,6299,5843,5560,5416,5565,5523,5591,5535,5541,5411,5293,5211,5022,4682,4434,4199,4097,3958,3872,3856
395053,50,"Salt Lake City, UT",Msa,UT,2589,2556,2798,3180,3702,4139,4447,4693,4874,5052,4972,4623,4248,3936,4100,4362,4814,5139,5278,5315,5208,5076,4676,4084,3553,3213,3384,3641,4072,4199,4166,3958,3725,3558,3170,2688,2240,1958,2078,2256,2556,2675
395031,51,"Rochester, NY",Msa,NY,3073,2837,2917,3201,3576,3895,4088,4200,4185,4095,3852,3453,3055,2792,2818,2994,3303,3607,3814,3864,3837,3760,3562,3188,2807,2593,2585,2482,2542,2700,2982,3119,3073,2996,2711,2270,1893,1636,1678,1786,2019,2243
394640,52,"Grand Rapids, MI",Msa,MI,3288,2921,2950,3156,3554,3918,4269,4533,4621,4583,4337,3962,3588,3294,3286,3434,3808,4231,4561,4734,4777,4769,4530,4090,3611,3300,3267,3084,3332,3506,3859,3777,3558,3495,3224,2940,2506,2261,2239,2244,2392,2515
395167,53,"Tucson, AZ",Msa,AZ,4954,4977,5184,5186,5189,5038,4838,4679,4527,4548,4636,4680,4825,4893,5163,5274,5286,5162,4940,4759,4596,4562,4540,4427,4391,4389,4552,4456,4380,4130,3919,3692,3651,3771,3770,3557,3326,3084,2993,2835,2903,2931
753924,54,"Urban Honolulu, HI",Msa,HI,3650,3611,3846,4083,4306,4379,4469,4503,4464,4380,4335,4273,4274,4312,4499,4669,4838,4935,5043,5108,5123,5061,4916,4723,4507,4406,4461,4430,4390,4322,4425,4491,4468,4401,4305,4178,,,,,,
395169,55,"Tulsa, OK",Msa,OK,5770,5646,5768,5917,6108,6304,6476,6612,6551,6390,6058,5658,5353,5174,5214,5303,5393,5493,5530,5551,5435,5267,5000,4700,4474,4384,4518,4495,4534,4450,4402,4297,4123,4079,3888,3621,3345,3025,2964,2871,3015,3112
394619,56,"Fresno, CA",Msa,CA,1920,1884,2008,2151,2320,2431,2527,2604,2645,2671,2595,2457,2327,2268,2360,2451,2586,2686,2745,2775,2757,2731,2620,2419,2242,2128,2148,2105,2084,1984,1922,1834,1786,1752,1665,1512,1357,1260,1306,1377,1507,1623
395238,57,"Worcester, MA",Msa,MA,2916,2635,2669,2951,3376,3761,3959,4056,4095,4180,4043,3651,3173,2839,2834,3018,3416,3774,3941,3921,3883,3864,3685,3238,2800,2531,2576,2558,2674,2743,2799,2718,2589,2566,2395,2097,1764,1525,1547,1687,1912,2069
394415,58,"Stamford, CT",Msa,CT,5725,5326,5476,6370,7169,7753,7573,7383,7183,7045,6803,6211,5627,5397,5762,6360,7086,7539,7706,7464,7262,7090,6791,6128,5462,5232,5451,5477,5618,5800,6245,6265,6117,5860,5438,4754,4070,3526,3407,3483,3848,4075
394312,59,"Albuquerque, NM",Msa,NM,3822,3637,3714,3894,4159,4388,4532,4623,4582,4495,4273,3961,3635,3399,3414,3557,3749,3968,4108,4192,4122,4057,3885,3584,3264,3048,3080,3059,3139,3085,3087,2986,2917,2892,2764,2574,2325,2192,2163,2168,2243,2315
394308,60,"Albany, NY",Msa,NY,2677,2471,2486,2595,2826,3015,3194,3240,3258,3235,3149,2939,2708,2523,2512,2573,2775,2961,3098,3143,3160,3134,2989,2705,2430,2243,2193,2074,2079,2144,2293,2350,2341,2330,2207,1985,1766,1545,1459,1404,1493,1604
394938,61,"Omaha, NE",Msa,NE,3037,2909,3066,3292,3596,3853,4058,4188,4217,4176,4047,3722,3403,3125,3110,3256,3571,3873,4016,4093,4132,4172,4007,3649,3305,3135,3314,3440,3656,3634,3611,3426,3270,3145,2921,2588,2260,2004,2004,2172,2440,2661
394908,62,"New Haven, CT",Msa,CT,4077,3670,3609,3912,4314,4582,4591,4589,4544,4484,4277,3936,3582,3373,3473,3731,4100,4340,4441,4396,4287,4157,3887,3495,3135,2970,3043,2999,3025,3029,3153,3178,3183,3165,3014,2666,2314,1997,1946,1955,2159,2311
394357,63,"Bakersfield, CA",Msa,CA,2515,2558,2760,2971,3142,3305,3419,3542,3565,3534,3375,3135,2983,2895,2999,3071,3205,3329,3438,3501,3465,3416,3284,3076,2873,2760,2810,2806,2871,2837,2845,2790,2765,2695,2486,2217,2000,1866,1850,1849,1897,1927
394753,64,"Knoxville, TN",Msa,TN,4488,4334,4403,4573,4795,4932,5071,5188,5214,5150,4964,4674,4398,4228,4328,4468,4655,4774,4793,4803,4745,4754,4674,4447,4191,3948,3933,3863,3902,3839,3731,3517,3348,3351,3305,3125,2869,2613,2509,2395,2455,2549
394653,65,"Greenville, SC",Msa,SC,5659,5493,5742,5930,6159,6198,6222,6232,6168,6078,5881,5597,5390,5254,5516,5710,6095,6409,6773,7014,7031,6906,6585,6166,5896,5773,5871,5886,5949,5838,5719,5478,5238,5097,4834,4597,,,,,,
394952,66,"Ventura, CA",Msa,CA,1611,1566,1703,1880,2114,2307,2477,2593,2639,2632,2506,2300,2133,2048,2149,2272,2466,2598,2708,2692,2588,2425,2253,2007,1836,1760,1844,1852,1923,1992,2095,2046,1948,1832,1684,1478,1300,1230,1300,1362,1442,1482
394318,67,"Allentown, PA",Msa,PA,3804,3578,3614,3803,4110,4416,4609,4675,4653,4635,4503,4194,3865,3636,3676,3819,4051,4234,4321,4336,4268,4167,3936,3599,3273,3051,2978,2694,2645,2756,3043,3082,2989,2947,2816,2556,2245,1978,1931,2017,2287,2478
394561,68,"El Paso, TX",Msa,TX,4543,4575,4632,4639,4564,4433,4356,4274,4190,4126,4074,3960,3852,3772,3810,3824,3809,3871,3934,4010,3955,3924,3860,3779,3701,3750,3833,3822,3734,3599,3437,3285,3129,3068,2758,2495,2251,2211,2194,2113,2072,2008
394367,69,"Baton Rouge, LA",Msa,LA,4130,4193,4441,4689,4962,5206,5390,5460,5355,5275,5172,5030,4923,4899,5100,5285,5447,5566,5644,5728,5674,5578,5381,5157,5028,4994,5117,5070,5070,4946,4861,4636,4378,4157,3910,3696,3549,3395,3363,3172,3088,2930
394521,70,"Dayton, OH",Msa,OH,2885,2755,2822,2980,3151,3299,3417,3520,3583,3629,3544,3303,2980,2727,2679,2682,2759,2841,2947,3007,2980,2947,2825,2597,2381,2221,2242,2199,2220,2184,2217,2232,2269,2311,2239,2056,1825,1636,1619,1664,1780,1882
394843,71,"McAllen, TX",Msa,TX,2166,2174,2237,2269,2315,2298,2286,2307,2333,2399,2406,2394,2434,2503,2607,2601,2587,2567,2571,2565,2545,2536,2509,2454,2428,2444,2499,2463,2417,2285,2150,1962,,,,1694,1722,1677,1641,1597,1605,1582
394486,72,"Columbia, SC",Msa,SC,5204,4994,5046,5205,5377,5422,5426,5431,5234,5055,4838,4622,4439,4276,4369,4411,4593,4865,5231,5472,5442,5262,5002,4752,4663,4591,4682,4556,4546,4307,4114,,,,,3007,2823,2766,2769,2696,2681,2641
394648,73,"Greensboro, NC",Msa,NC,2863,2781,2855,3025,3277,3369,3413,3162,2940,2715,2622,2502,2407,2334,2429,2485,2605,2675,2775,2824,2820,2761,2660,2486,2339,2234,2276,2263,2323,2285,2259,2135,2073,2045,1961,1805,1633,1450,1301,1028,838,691
394304,74,"Akron, OH",Msa,OH,4027,3780,3875,4125,4452,4672,4811,4872,4810,4665,4395,3988,3574,3289,3345,3551,3923,4236,4487,4553,4535,4455,4267,3953,3594,3328,3299,3208,3216,3181,3309,3363,3322,3202,2980,2639,2347,1880,1635,1425,1572,1740
753906,75,"North Port-Sarasota-Bradenton, FL",Msa,FL,9271,9859,10596,10815,10590,10053,9397,8933,8562,8570,8845,9201,9892,10477,11176,11110,10737,10189,9663,9250,8785,8645,8741,8880,9341,9791,10180,9789,9337,8827,8487,7995,7545,7355,7048,6693,6421,6036,5692,4982,4552,4168
394798,76,"Little Rock, AR",Msa,AR,4915,4776,4926,5171,5526,5778,5889,5950,5920,5863,5701,5422,5190,5078,5232,5424,5388,5255,5042,4981,5026,5066,5032,4791,4562,4488,4599,4644,4705,4669,4708,4655,4490,4312,3912,3463,3013,2764,2726,2692,2797,2871
395134,77,"Stockton, CA",Msa,CA,1324,1262,1340,1442,1599,1714,1828,1948,2043,2099,2038,1884,1727,1615,1653,1742,1865,2006,2122,2200,2221,2204,2109,1908,1688,1554,1549,1534,1566,1557,1548,1466,1404,1380,1284,1124,968,912,980,1067,1165,
394457,78,"Charleston, SC",Msa,SC,5860,5865,6257,6659,7020,7151,7115,6977,6684,6679,6601,6494,6339,6346,6744,7049,7354,7569,7675,7689,7421,7312,7026,6743,6495,6454,6639,6598,6711,6652,6568,6198,5826,5717,5468,5114,4610,4164,3920,3651,3542,3437
395143,79,"Syracuse, NY",Msa,NY,2597,2410,2421,2575,2802,3023,3228,3374,3386,3268,3038,2743,2454,2262,2263,2378,2563,2719,2847,2926,2926,2861,2645,2343,2045,1862,1801,1685,1679,1753,1901,1969,1958,1911,1743,1506,1327,1185,1172,1195,1356,1516
394484,80,"Colorado Springs, CO",Msa,CO,1898,1846,2053,2382,2882,3340,3730,3908,3937,3791,3539,3161,2818,2565,2607,2798,3185,3597,3897,4052,3979,3826,3467,3050,2708,2550,2738,2864,3250,3541,3900,3939,3783,3600,3236,2803,2407,2065,1967,1946,2202,2386
395235,81,"Winston-Salem, NC",Msa,NC,2567,2498,2655,2902,3211,3298,3370,3157,2984,2765,2651,2465,2288,2191,2333,2482,2640,2677,2708,2702,2707,2685,2609,2431,2314,2248,2373,2363,2371,2238,2172,2075,2005,1985,1895,1748,1560,1377,1257,1027,832,667
395224,82,"Wichita, KS",Msa,KS,2685,2551,2571,2637,2777,2923,3008,3072,3030,3037,2984,2870,2732,2605,2626,2690,2766,2812,2771,2752,2677,2640,2511,2347,2219,2165,2213,2208,2238,2186,2164,2111,2121,2129,2094,1957,1803,1573,1497,1472,1610,1714
395115,83,"Springfield, MA",Msa,MA,1792,1651,1676,1806,2010,2205,2337,2385,2380,2381,2285,2090,1862,1713,1729,1813,1987,2110,2186,2188,2179,2162,2061,1838,1610,1491,1521,1504,1533,1538,1580,1561,1549,1565,1496,1338,1162,1031,1006,1026,1128,1206
394440,84,"Fort Myers, FL",Msa,FL,14784,15744,16882,17034,16726,15728,14812,14116,13693,13792,14320,15079,16301,17365,18327,18370,17791,16927,15856,14968,14193,13997,14147,14365,14891,15281,15604,14912,14278,13465,12862,12136,11533,11208,10691,10116,9522,8923,7646,6175,4958,4587
394399,85,"Boise City, ID",Msa,ID,3481,3170,3214,3545,3819,4022,4103,4324,4457,4498,4339,4003,3694,3455,3520,3770,4105,4367,4484,4533,4526,4515,4362,4038,3685,3488,3584,3686,3947,3992,3882,,,,,2258,1941,1779,1891,2042,2337,2613
395160,86,"Toledo, OH",Msa,OH,2427,2324,2358,2425,2528,2610,2714,2820,2855,2825,2675,2459,2252,2085,2098,2167,2295,2379,2411,2451,2449,2465,2406,2277,2125,2026,2013,1953,1954,1936,1943,1895,1858,1858,1776,1627,1461,1324,1281,1284,1375,1474
394816,87,"Madison, WI",Msa,WI,2309,2161,2342,2735,3166,3469,3588,3584,3481,3348,3121,2765,2435,2275,2414,2699,3101,3414,3561,3541,3466,3394,3187,2849,2499,2364,2537,2728,2919,2971,3081,3097,3055,2993,2825,2522,2135,1880,1908,2080,2320,2491
394766,88,"Lakeland, FL",Msa,FL,4167,4217,4402,4506,4570,4541,4502,4533,4613,4699,4739,4694,4866,5077,5418,5425,5333,5313,5342,5443,5426,5477,5430,5266,5197,5216,5322,5162,5081,4916,4857,4627,4447,4307,4120,3873,3621,3358,3138,2794,2598,2467
394931,89,"Ogden, UT",Msa,UT,1649,1574,1666,1820,2098,2298,2426,2555,2656,2752,2662,2443,2239,2127,2221,2334,2545,2732,2867,2935,2974,2989,2838,2527,2207,1991,2079,2192,2381,2343,2259,2067,1886,1818,1657,1489,1282,1142,1186,1223,1392,1486
394528,90,"Daytona Beach, FL",Msa,FL,5549,5655,5925,6151,6330,6398,6373,6364,6295,6289,6286,6256,6368,6508,6808,6821,6772,6691,6685,6655,6539,6479,6422,6287,6309,6378,6603,6482,6463,6237,6007,5544,5170,4955,4730,4530,4388,4269,4099,3864,3806,3871
394531,91,"Des Moines, IA",Msa,IA,3721,3691,4055,4239,4459,4460,4578,4649,4660,4676,4546,4287,4051,3869,3931,4090,4361,4541,4647,4743,4822,4848,4746,4502,4246,4093,4203,4291,4457,4379,4296,4047,3854,3781,3644,3438,3158,2960,2987,3054,3176,3182
394711,92,"Jackson, MS",Msa,MS,2815,2821,2967,3137,3350,3437,3451,3359,3233,3145,3035,2883,2738,2683,2811,2920,3018,3053,3069,3038,2972,2918,2864,2775,2688,2624,2661,2640,2637,2532,2457,2311,2177,2073,1931,1765,1593,1458,1439,1430,1463,1470
394352,94,"Augusta, GA",Msa,GA,3812,3721,3791,3876,3985,4016,4024,3997,3937,3864,3762,3637,3565,3549,3651,3704,3797,3910,4037,4097,4094,4035,3860,3629,3485,3490,3543,3426,3282,3035,2944,2781,2681,2537,2366,2204,2086,2046,2045,1990,2009,2038
394666,96,"Harrisburg, PA",Msa,PA,2469,2261,2294,2409,2564,2656,2694,2708,2664,2612,2479,2293,2085,1940,1956,2064,2250,2399,2476,2494,2484,2474,2400,2241,2068,1924,1844,1657,1645,1707,1860,1840,1712,1676,1587,1473,1324,1219,1231,1253,1315,1396
395006,100,"Provo, UT",Msa,UT,1856,1736,1807,2050,2533,2972,3266,3395,3409,3491,3527,3469,3333,3207,3340,3551,3886,4138,4277,4360,4273,4194,3936,3599,3274,3045,3157,3333,3683,3731,3567,3169,2828,2597,2252,1883,1531,1312,1338,1415,1650,1820
394602,159,"Fort Collins, CO",Msa,CO,2318,2145,2275,2532,2883,3140,3376,3491,3494,3529,3471,3268,2921,2663,2722,2973,3380,3496,3500,3356,3348,3237,3006,2677,2460,2328,2388,2396,2655,2879,3081,3004,2937,2790,2530,2157,1875,1796,1873,2000,2141,2227
