RegionID,SizeRank,RegionName,RegionType,StateName,2/29/2008,3/31/2008,4/30/2008,5/31/2008,6/30/2008,7/31/2008,8/31/2008,9/30/2008,10/31/2008,11/30/2008,12/31/2008,1/31/2009,2/28/2009,3/31/2009,4/30/2009,5/31/2009,6/30/2009,7/31/2009,8/31/2009,9/30/2009,10/31/2009,11/30/2009,12/31/2009,1/31/2010,2/28/2010,3/31/2010,4/30/2010,5/31/2010,6/30/2010,7/31/2010,8/31/2010,9/30/2010,10/31/2010,11/30/2010,12/31/2010,1/31/2011,2/28/2011,3/31/2011,4/30/2011,5/31/2011,6/30/2011,7/31/2011,8/31/2011,9/30/2011,10/31/2011,11/30/2011,12/31/2011,1/31/2012,2/29/2012,3/31/2012,4/30/2012,5/31/2012,6/30/2012,7/31/2012,8/31/2012,9/30/2012,10/31/2012,11/30/2012,12/31/2012,1/31/2013,2/28/2013,3/31/2013,4/30/2013,5/31/2013,6/30/2013,7/31/2013,8/31/2013,9/30/2013,10/31/2013,11/30/2013,12/31/2013,1/31/2014,2/28/2014,3/31/2014,4/30/2014,5/31/2014,6/30/2014,7/31/2014,8/31/2014,9/30/2014,10/31/2014,11/30/2014,12/31/2014,1/31/2015,2/28/2015,3/31/2015,4/30/2015,5/31/2015,6/30/2015,7/31/2015,8/31/2015,9/30/2015,10/31/2015,11/30/2015,12/31/2015,1/31/2016,2/29/2016,3/31/2016,4/30/2016,5/31/2016,6/30/2016,7/31/2016,8/31/2016,9/30/2016,10/31/2016,11/30/2016,12/31/2016,1/31/2017,2/28/2017,3/31/2017,4/30/2017,5/31/2017,6/30/2017,7/31/2017,8/31/2017,9/30/2017,10/31/2017,11/30/2017,12/31/2017,1/31/2018,2/28/2018,3/31/2018,4/30/2018,5/31/2018,6/30/2018,7/31/2018,8/31/2018,9/30/2018,10/31/2018,11/30/2018,12/31/2018,1/31/2019,2/28/2019,3/31/2019,4/30/2019,5/31/2019,6/30/2019,7/31/2019,8/31/2019,9/30/2019,10/31/2019,11/30/2019,12/31/2019,1/31/2020,2/29/2020,3/31/2020,4/30/2020,5/31/2020,6/30/2020,7/31/2020,8/31/2020,9/30/2020,10/31/2020,11/30/2020,12/31/2020,1/31/2021,2/28/2021,3/31/2021,4/30/2021,5/31/2021,6/30/2021
102001,0,United States,Country,,184590,218519,240472,259231,274539,279225,255612,235874,227333,161254,179005,121352,127043,170153,181928,202289,251930,266140,247268,243102,252932,244285,233554,146708,147561,231294,248381,267768,311261,222840,211627,218413,189719,181669,199833,151030,144462,204070,208068,229230,262071,237520,259812,227227,210145,202920,218327,171031,178446,230784,241978,286258,300097,288591,310105,250897,282518,255245,258076,215199,206953,268026,307208,353237,352911,381179,375831,320962,322908,273104,284718,220324,209848,264914,304250,342942,373350,384780,360439,338056,346768,268516,315509,223696,225507,318247,343771,374927,447509,443946,405161,386003,364367,285149,349480,252089,263624,350977,373005,423499,486964,430775,461084,414548,380752,360742,375983,285707,273767,394358,380731,467165,513203,442998,478328,405953,408229,373317,374049,292980,278587,384901,407864,473458,498816,472847,487823,386410,416731,365000,343612,272626,283136,362847,406862,474204,460446,478885,468723,405166,421988,358880,383104,299357,292807,374206,330628,317418,430254,509057,491560,491690,501081,429665,466504,334871,320958,432632,450843,455787,533707
394913,1,"New York, NY",Msa,NY,8105,8794,9527,9810,10298,12749,11688,10978,9952,7886,8371,6110,5000,5932,6085,7003,8022,9965,10681,10616,10174,12390,11191,8096,6323,,,,,,,,,7674,7810,7256,6740,7757,7538,8133,9503,10066,10474,9448,8226,7388,8204,7547,6536,7211,7484,8853,9710,10815,11238,9868,9388,8071,9311,9432,7616,8525,9290,11649,11976,14725,15432,14648,13750,11101,11952,10462,7890,8962,9289,11087,11805,14169,13854,13021,13103,10297,12533,9795,8753,10008,10095,11026,13746,15889,16301,15106,14257,12226,13583,11422,10786,12298,11608,12418,16038,15991,18123,16886,14888,14145,15553,14332,11688,13512,13150,15273,18037,16956,20358,17662,16845,14822,15373,14148,11647,12529,13742,15599,17001,18715,20208,15771,17067,14901,14728,13792,11045,12342,13359,15177,16188,18605,18584,16312,16642,14471,15812,14684,12411,12852,9933,10329,12685,15175,17206,18355,21241,18850,22026,17970,15195,19147,18320,16548,18319
753899,2,"Los Angeles-Long Beach-Anaheim, CA",Msa,CA,3603,4353,5174,5677,5829,6472,6141,5806,5915,4339,4823,3228,3435,4861,5262,5793,7192,7680,6912,7159,7438,6524,7783,5139,5051,7288,7188,8341,8918,7081,6776,6841,6144,6025,6986,5072,4886,6950,6711,6742,7588,6761,7204,6775,6143,6238,6974,5241,5690,7563,7497,8584,8925,8415,9721,7849,9117,8533,9188,6642,6717,8904,9246,10446,9689,10450,10626,8687,9116,7808,8523,6450,6230,8009,8979,9294,9376,9495,9192,8494,9041,7183,8546,6008,6210,9056,9839,9913,11126,11074,9700,9483,9129,6967,9620,6723,6727,9031,9628,10200,11099,10061,10618,9866,9240,9059,9521,7071,6671,10009,9092,10829,11948,9783,11249,9825,9409,8798,9135,6748,6628,9780,9267,10274,10641,9739,10261,7693,8562,7618,7226,5482,5798,7870,8852,9809,9384,9730,9895,8768,9328,8096,8728,6630,6590,7936,5791,4765,6974,9456,9544,10204,10616,9027,10330,7455,7307,10390,11087,9792,11260
394463,3,"Chicago, IL",Msa,IL,4856,5845,6572,6612,7722,8058,7452,6852,6222,3925,4245,2845,2464,3525,3935,4432,5772,6664,6636,6223,6530,6004,6241,3905,3156,4918,5857,6618,8276,6156,5319,4581,4443,3952,4441,3604,3006,4320,4470,5295,6643,5953,6768,5315,5132,5004,5441,4502,4094,5322,5605,7192,8114,7372,8277,6405,7426,6192,5958,5806,4599,5892,7630,9111,9451,11152,11004,9193,9894,7805,7805,6382,5374,6669,8536,9620,11578,12308,10558,10823,10746,7637,8802,6145,5684,7931,9423,10671,14543,13381,13300,12025,11056,7598,9397,7206,6863,9402,10780,12422,15757,13834,14680,11824,10634,9644,9507,7806,6493,10349,11004,13827,15631,12892,13970,10988,10573,9471,8906,7516,6129,10236,12307,14752,16769,15098,14513,11643,11928,10553,9145,6803,6879,9357,11134,13323,14177,13848,13221,11042,10676,9188,9224,7315,6901,8888,9419,8661,10999,14361,14459,14691,18313,15376,14148,11786,10374,12592,15340,16418,18204
394514,4,"Dallas-Fort Worth, TX",Msa,TX,5030,6113,6870,7113,7306,7699,6914,6197,5837,3954,4735,3295,3741,5051,5182,5442,6592,6906,6095,5766,5866,5676,5347,3136,3613,5962,6582,6864,7218,5232,5093,4597,4279,4316,4606,3299,3340,5107,5166,6115,6540,5763,6586,5252,4863,4577,5022,3732,4388,5812,5646,7383,7491,7346,7807,5688,6420,5495,5860,4804,4860,6954,8469,8771,8601,9499,9222,7361,7132,5932,6495,4662,5263,6783,7771,8518,9472,9375,8835,7754,7797,6002,7148,4697,5036,7719,7737,8760,10144,10064,9547,8593,7698,6165,8352,5401,6352,8612,8441,9350,10258,9449,10336,9148,7979,7718,8324,5694,6307,8974,8586,10427,10938,10108,10234,8628,8395,7921,8353,6152,6392,8601,8846,10185,10106,10185,10004,7658,8007,6999,7271,5162,6228,8212,9016,10283,9309,10286,9800,8466,8486,7190,8540,6142,6997,8706,7475,7260,10492,12372,11227,10265,9854,8715,9999,6500,6137,8540,9222,9787,10719
394974,5,"Philadelphia, PA",Msa,PA,3755,4614,5512,5417,6053,6879,5973,5569,5086,4074,4381,3126,2582,3411,3845,3981,5252,6133,5911,5591,5462,5661,5995,3090,2497,4150,4657,5506,7235,5591,4174,3888,3660,3421,3962,3062,2573,3549,3498,4107,4935,4509,5117,4011,4014,3598,4011,3396,3021,3705,3845,5274,5305,5658,5998,4070,4914,4714,4572,4430,3313,4099,5045,5967,6335,7326,6611,5617,5749,4672,5245,3845,3056,3819,4523,5325,6877,6506,6288,5840,5641,4753,5761,4061,3566,4860,5377,6138,8120,8765,7286,6689,6668,5097,6380,4694,4476,5308,5872,7452,9086,7879,8125,7020,6574,6485,6565,5204,4274,6365,6402,8334,9437,8568,8892,7184,7120,6990,6811,5680,4115,5694,6597,8373,9234,9084,8977,7380,7833,6947,6574,5448,4816,6137,6938,8494,9053,9187,8919,7507,7739,6489,7294,6130,4948,6512,5794,5142,6410,9009,9518,9249,9690,8714,9377,7446,6460,7692,8040,9704,9511
394692,6,"Houston, TX",Msa,TX,4306,5371,5655,5978,6436,6519,5778,3862,4658,3408,4478,3067,3355,4381,4267,4588,5564,5986,5130,4788,4987,4780,4948,2595,3096,4967,5210,5764,6182,4614,4392,3841,3394,3324,3598,2919,2896,4422,4482,5222,5699,5106,5479,4319,3811,3624,4323,3149,3294,4717,4635,5953,5904,6206,5264,4033,5142,5275,4619,4111,4278,5516,6459,7324,6683,7495,7503,6271,6039,4787,5582,,,,,,,7785,6711,7337,6960,5412,6754,4562,4619,6269,6150,6585,7877,7917,6311,7145,6317,4872,6736,4441,4973,7005,6576,7728,8467,7645,8551,6885,6233,6133,6991,4593,5616,7494,6825,8377,8767,7742,6748,6945,6862,6497,7188,5164,5688,6983,7559,8739,8872,8590,8527,6719,7117,6060,6645,4473,5119,6967,7623,8905,8312,9080,8542,7310,7482,6470,7787,5090,5920,7777,6328,6248,9091,10652,9086,9092,8961,8144,9836,6266,5876,9252,9459,9969,11237
395209,7,"Washington, DC",Msa,DC,3808,4582,4909,5313,6367,5839,5399,5260,5359,3941,4784,2634,2970,4500,4845,5256,7522,5998,6627,6260,5929,6024,5944,4424,3650,5811,6024,7138,8207,5376,6756,5391,4894,4734,5240,3905,3385,4973,4954,5727,7121,5789,6144,5171,4760,4542,5025,4058,3846,5091,5372,6917,7598,6616,7599,5011,5891,6395,5624,5352,4536,5880,6871,8308,9355,8133,8353,6777,6998,5705,6587,4631,4430,5842,6600,7052,8727,8006,7423,6657,6708,5560,6985,4664,4527,6318,7093,7937,10301,9251,8483,7286,7227,5850,8114,4715,5439,7006,7582,9326,11048,9100,9542,7925,7490,7483,7959,6157,5970,8220,8500,10421,11822,9266,9490,8317,8281,7605,7665,6285,5725,7816,8240,10280,11544,10060,9983,7616,8364,7542,7525,6612,5757,7860,9139,10669,10759,10138,9728,7994,9180,7393,8239,6817,6289,8357,8070,7640,9711,10577,10153,10198,10379,9079,9527,7514,7680,9818,10931,11723,11564
394856,8,"Miami-Fort Lauderdale, FL",Msa,FL,4002,4408,4943,4904,4864,4645,3922,3924,3891,2969,3846,2897,2822,3809,3913,4078,4873,4910,4723,4860,5504,4921,6011,4511,4131,6132,6169,5762,6480,5819,5026,4704,4815,4637,5822,4614,4601,6499,6822,6734,6915,5943,6445,6007,5211,5686,6491,5322,5236,6915,7299,7740,7314,6832,7077,6283,6956,6211,7161,6488,6244,7808,8714,8708,8589,8926,8136,7267,7754,6292,7620,6069,5665,7331,8366,8299,8079,8156,7400,7323,7939,6392,8265,5867,5932,8254,8821,8486,9473,9533,8290,8356,7841,6653,8815,6124,6610,8707,8912,9271,9997,9109,9176,8385,7812,7694,9085,6730,6873,9750,9247,10398,10577,9020,9918,6102,8565,7708,8688,7408,6836,10050,10325,10348,10851,10092,9783,7975,8837,7979,7987,6532,6536,8882,9779,10887,9490,10451,9233,8250,8643,7337,8938,7847,6284,9378,7242,5262,7125,9334,9736,9744,10623,9031,11570,9093,8869,12405,13361,13520,12510
394347,9,"Atlanta, GA",Msa,GA,5120,5655,6180,5944,6454,6616,6087,5325,5884,3572,4214,3040,2778,3834,3921,3837,4867,5426,4940,4782,5115,4739,5272,3264,3158,4566,4989,5288,6254,5061,4265,4048,4000,3597,3870,3182,2979,4764,4235,4955,5815,6408,5367,4530,4130,3863,3901,3661,3745,4666,4538,5312,5771,5339,5794,4732,5213,4937,4587,4518,4481,5733,6065,7185,7072,7620,7438,6321,6376,5559,5620,4871,4937,6191,6825,8047,8429,8294,7970,7349,7489,6007,6946,5443,5765,8102,8737,9429,10368,10289,9382,8718,7973,6577,8181,6244,7171,9626,10277,12171,13178,12143,12524,11313,10337,9677,10817,7326,8066,12487,11015,13364,14001,11994,12461,10968,10391,9585,10510,7177,8492,11883,11752,13485,13396,12675,12472,10500,10426,9709,9548,6872,8458,10985,11557,13215,12230,12367,11852,10295,10308,9094,10335,7037,8583,10273,8891,8567,11909,13012,12224,11861,11876,10116,11295,7774,8567,11930,11590,11249,12984
394404,10,"Boston, MA",Msa,MA,1927,2231,2820,3391,4321,4059,3984,2997,3055,2186,2323,1458,1363,1897,2161,2887,3887,4528,4296,3291,3623,3696,3127,1883,1775,2717,3512,3880,5207,3132,3295,2713,2508,2500,3034,2004,1638,2483,2819,3421,4698,4056,4303,3305,2809,2968,3199,2156,2058,2902,3404,4263,5599,5075,5682,3530,3859,4179,4009,2762,2283,3156,3881,5383,6427,6921,6693,4836,4664,4279,4367,3009,2331,3176,3903,5278,6641,6658,6159,4874,4874,3929,4561,2977,2347,3150,3606,4945,7396,7838,6905,5641,5325,4412,5339,3668,2890,3954,4537,5754,8031,6519,7441,5919,5217,5171,5289,3980,2903,4417,4299,6065,8286,6803,7283,5562,5473,5370,5003,3791,2806,4170,4610,5879,8026,7150,7614,5115,5316,5429,4480,3349,3076,4082,4698,6309,7074,6943,7020,5276,5561,5193,5477,3868,3160,4259,4266,4196,5533,7324,7355,6798,6896,5846,6601,4110,3139,4591,5208,5996,8320
395057,11,"San Francisco, CA",Msa,CA,1833,2370,2925,3187,3386,3729,3515,3250,3407,2553,2917,1985,2042,2613,2853,3212,3663,3898,3394,3480,3713,3340,3508,2245,2234,3270,3386,4062,4083,3301,3085,3069,3026,2902,3274,2219,2256,3307,3232,3472,3994,3461,3615,3303,3038,3266,3422,2402,2670,3684,3727,4223,4398,4115,4347,3467,4082,3867,3752,2654,2782,3816,4095,4603,4459,4718,4617,3725,4209,3712,3511,2545,2588,3471,4166,4440,4360,4606,4275,3895,4344,3367,3521,2296,2466,3692,4287,4418,5020,4964,4211,4143,4129,3411,4219,2576,2523,3675,4055,4340,4814,4321,4431,4222,4122,4006,3748,2534,2563,4025,3873,4606,5202,4312,4716,4044,4417,4115,3715,2373,2596,4014,4123,4656,4821,4242,4155,3270,3989,3449,2829,2012,2340,3264,3922,4759,4067,4033,3933,3254,4012,3385,3429,2150,2364,3098,2316,2023,3371,4300,4200,4396,4453,4363,4449,2955,2988,4442,5196,4821,5136
394532,12,"Detroit, MI",Msa,MI,2279,2264,2386,2778,2643,3052,2707,2968,2783,2103,1881,1661,1370,1688,1888,2201,2295,2717,2650,2905,2704,3069,3068,2572,2092,2569,2941,3038,3797,3164,2972,3029,2906,2648,2537,2712,2040,2777,2627,2624,3499,3418,3950,3770,3258,3235,2909,2847,2824,3298,2899,3749,3971,4061,4833,4093,4953,4333,3738,3977,3727,4003,3992,4807,5311,5669,5715,5856,5945,4476,3906,4003,2998,3319,3805,4480,5268,5680,5520,5726,5991,4321,4487,4248,3192,3946,4792,4846,6661,6655,5988,6308,6028,4570,4657,4584,4049,4780,5045,5772,6993,6429,7305,6869,5959,5567,5302,5198,4093,5399,5043,6568,7437,6595,7824,6681,6766,6245,5035,4991,3762,4886,5183,6708,6817,7419,7642,6550,6559,5548,4698,4843,3960,4885,5475,6689,6662,6847,6922,6274,6695,5487,4723,5051,4124,4745,3402,3122,5139,7373,8053,7959,7840,6712,6758,6000,5015,6075,6279,6147,6871
395025,13,"Riverside, CA",Msa,CA,2233,2768,2925,3313,3268,3423,3189,3215,3286,2667,3064,2228,2215,2809,3005,3131,3673,3858,3656,3726,3862,3752,4204,3087,3088,4230,4373,4629,5297,3955,3907,3789,3505,3475,3974,2952,3038,4062,3723,3885,4208,3652,4096,3725,3504,3666,4030,3151,3443,4363,4129,4824,4767,4312,5923,4085,4907,4710,4619,4007,3900,4823,5074,5478,5034,5434,5645,4854,5050,4469,4661,3938,3744,4549,5235,5278,5228,5293,4916,4924,5139,4134,4944,3707,3719,5274,5767,5784,6370,6406,5599,5553,5338,4421,5609,4099,4290,5816,5872,6211,6932,6096,6467,6101,5753,5780,6037,4736,4583,6642,6151,7091,7637,6333,7316,6269,6255,5888,6021,4824,4679,6447,6473,7019,6880,6425,6755,5606,6028,5538,5020,4092,4285,5649,6149,6813,6118,6522,6586,5669,6198,5212,5468,4665,4533,5663,4268,3758,5448,6822,6563,6729,6927,6088,6849,5134,4966,6708,6718,5998,6840
394976,14,"Phoenix, AZ",Msa,AZ,3803,4398,4746,5002,4680,4749,4306,4340,4055,2752,3516,2414,2631,3526,3844,4346,5098,5307,4635,4985,5394,5228,5242,3751,4150,5822,6228,5842,6658,4704,4487,4393,4133,4251,5023,4079,4398,6339,6203,6478,6870,5853,6029,5727,5392,5615,6200,5136,5966,7361,7127,7391,7216,6469,6803,5832,6730,6283,6453,5629,6153,7733,8131,8761,7611,7715,7303,6595,6548,5509,6373,5043,5544,6887,7714,7742,7444,7097,6676,6547,6472,5254,6721,4922,5881,8322,8700,8651,9244,8563,7644,7686,6977,5855,7784,5602,6385,9169,9206,9559,9879,8446,8840,8348,7971,7828,8436,6940,7427,10771,9889,11212,11005,9083,9498,8622,8557,8309,8439,7119,7923,10798,10283,11434,10683,9763,9577,8158,8613,7874,7839,6395,7715,9680,10823,11624,10454,10362,10043,9283,9319,8328,8812,7117,7929,9613,7810,7538,9899,10694,9448,9692,10139,9171,10147,7405,7954,10382,10276,9548,9971
395078,15,"Seattle, WA",Msa,WA,2945,3538,3617,3708,3855,3572,3240,3186,2792,1770,2019,1264,1507,2001,2193,2577,3434,3439,3115,3175,3431,3287,2623,1681,1975,3134,3389,3516,3881,2463,2570,2427,2347,2179,2680,1731,1773,2606,2627,2826,3316,2965,3317,2947,2658,2684,2723,2003,2346,3083,3419,3960,4253,4141,4551,3666,4131,3806,3781,2860,2966,4157,4629,5356,5274,5880,5666,4764,4747,3873,3963,2811,3153,4057,4707,5287,5654,5793,5379,5063,5166,4012,4420,2967,3461,5086,5929,6147,6957,7148,6282,5992,5496,4288,5285,3420,3887,5670,6103,6838,7847,7178,7617,6942,6312,5879,5629,4323,4262,6059,5708,7340,8043,7254,7807,6807,6627,5977,5651,3924,4422,5878,6217,7237,7698,7030,6827,5447,5709,5174,4774,3563,4287,5104,6115,6954,6916,6962,6756,5559,5957,5052,5375,3674,4064,5243,4391,4390,5971,6892,6718,7146,7236,5766,5927,3672,3981,5579,6377,5980,5219
394865,16,"Minneapolis-St Paul, MN",Msa,MN,2198,2517,2980,3509,3834,4056,3608,3856,3370,2300,2448,1654,1543,2118,2548,2881,3714,4437,4081,4152,4161,3775,3705,2185,1980,2832,3376,3780,4382,3479,2660,2541,2410,2405,2408,2016,1642,2393,2669,3055,3401,3456,3962,3411,3413,3079,3177,2865,2633,3507,3980,4134,4992,5052,5132,4413,5043,4265,4214,3666,3109,3983,4612,5438,5831,6413,6359,5597,5429,4508,4252,3458,2633,3440,4109,5279,6095,6439,6226,5081,5167,4043,4661,3344,2989,4193,5526,6381,7987,7481,7020,6053,5772,4450,4957,3798,3456,4626,5268,6888,8499,7016,7516,6574,5868,5324,5087,3774,3235,4739,5160,7016,8410,7133,7455,6348,6064,5389,4820,3688,3112,4539,5134,6398,7486,7560,7384,6133,6966,5500,4744,3624,3363,4222,4951,6558,7214,7440,7549,6114,6406,5217,5159,4136,3522,4615,5235,5128,6412,7313,6910,7737,7996,6467,6050,4359,3975,4805,5444,6107,7333
395056,17,"San Diego, CA",Msa,CA,1200,1319,1805,1892,1863,2047,1869,1786,1919,1390,1729,1134,1191,1492,1747,1769,2231,2404,2198,2259,2410,2165,2475,1482,1660,2251,2371,,,2222,2223,2257,1982,1895,2284,1496,1543,2159,2303,2185,2460,2185,2357,2247,2011,2080,2448,1666,1907,2432,2653,2870,2866,2872,3260,2659,2994,2771,3134,2191,2288,3119,3217,3608,3407,3720,3577,2937,3078,2640,2647,2024,2213,2590,3195,3212,3272,3119,2965,2989,2978,2362,2997,1969,2328,3090,3682,3442,4086,3877,3402,3198,2948,2451,3268,2136,2365,3279,3653,3686,4043,3585,3826,3514,3309,3124,3104,2234,2399,3447,3331,3847,4046,3453,3755,3249,3325,3030,3051,2395,2467,3164,3451,3706,3718,3434,3620,2722,3004,2806,2530,1833,2227,2838,3368,3505,3238,3543,3398,3025,3102,2833,2952,2278,2465,2999,2365,2027,3110,3786,3632,3826,3724,3419,3568,2369,2602,3311,3786,3562,4093
395121,18,"St. Louis, MO",Msa,MO,1892,2327,2549,2894,3194,3322,2919,2567,2582,1802,1983,1380,1432,1922,2188,2363,2946,3196,2770,2747,2953,3004,2422,1250,1362,2464,2755,3056,3480,2186,2016,1981,1854,1785,1872,1448,1225,1837,2011,2303,2698,2228,2595,2266,2137,2027,2047,1488,1607,2110,2284,2879,2900,2933,3028,2325,2622,2203,2337,1915,1794,2456,2857,3487,3458,3829,3632,3037,2994,2535,2599,1890,1864,2316,2927,3252,3882,3823,3635,3298,3290,2450,3032,1945,2084,3124,3402,3902,4669,4545,3932,3516,3443,2681,3370,2350,2326,3515,3643,4356,5039,4366,4512,3894,3732,3331,3505,2514,2355,3771,3777,4759,5004,4594,4661,3922,3863,3631,3503,2642,2413,3520,3889,4855,5005,4837,4690,3776,4145,3489,3304,2568,2500,3363,3863,4737,4621,4692,4527,3719,3930,3112,3583,2542,2360,3165,3183,3262,4215,4444,6983,4647,4179,4243,5118,3344,2831,3754,3662,4517,6615
395148,19,"Tampa, FL",Msa,FL,2072,2535,2719,2730,2837,2770,2443,2416,2347,1754,2150,1563,1573,2218,2273,2304,2881,2951,2662,2723,3043,2672,3182,2066,2100,3230,3275,3350,3522,2882,2434,2505,2412,2202,2776,2153,2041,2969,3055,2927,3409,2819,3248,2964,2774,2596,3278,2650,2561,3667,3418,3819,3875,3616,3793,3168,3816,3414,3599,3093,2954,3827,4192,4589,4378,4663,4501,4072,4050,3361,4202,2990,3053,3896,4338,4451,4740,4526,4394,4097,4459,3529,4947,3160,3551,5147,5263,5422,5987,5669,5194,5041,4883,4240,5503,3840,4274,5775,5944,6274,6565,5975,6166,5687,5261,5223,5894,4437,4736,6575,6372,7270,7594,6608,6522,4930,5629,5492,6101,4820,4457,6405,6764,7316,7339,6806,6983,5577,5927,5853,5529,4698,4999,6749,7028,7392,7025,7107,6841,5723,6196,5553,6703,4399,5086,7140,5433,4947,6598,7544,6972,6864,6948,6144,7347,4993,5462,7409,7517,7210,7303
394358,20,"Baltimore, MD",Msa,MD,2087,2695,2776,2685,3586,2386,2852,2664,2492,1898,1965,1311,1197,1790,1772,1980,2759,1987,3349,2643,2734,2423,2571,2136,1287,2328,2029,2600,3448,1925,2580,2292,1865,1852,1962,1677,1303,1699,1649,2038,2722,1715,2470,2136,2087,1925,1821,1727,1531,1968,2195,2579,3178,2082,2828,2386,2557,2319,2256,2328,1688,1932,2508,2989,3763,2838,3449,2818,2913,2351,2501,2019,1500,1936,2393,2439,3596,2890,3162,2767,2880,2207,2751,2093,1704,2301,2587,3202,4245,3331,3620,3315,3160,2308,2911,2307,2319,2676,3010,3631,4908,3228,3952,3689,3264,3303,3614,2844,2505,3388,3478,4181,5421,3380,4470,3721,3814,3638,3431,2863,2306,3085,3644,3967,5387,3488,4647,3654,3800,3259,3087,3146,2466,3303,3584,4160,4793,4014,4419,3908,3983,3260,3527,3068,2699,3372,3375,3372,5006,4838,4896,4876,5609,4778,5341,4579,4176,5648,6095,5944,6386
394530,21,"Denver, CO",Msa,CO,2074,2826,3169,3447,3735,4032,3433,3184,3458,2225,2253,1506,1685,2208,2230,2443,3347,3576,3031,2977,3236,3142,2660,1605,1634,2905,3091,3350,3686,2588,2316,2241,2068,2120,2308,1520,1465,2312,2403,2757,3216,2776,3170,2707,2495,2354,2416,1756,1781,2746,2989,3863,4233,4094,4347,3564,3887,3421,3335,2661,2625,3827,4499,5418,5427,6213,5602,4657,4798,3838,4017,2754,2769,3936,4776,5354,5991,6370,5514,5367,5366,3993,4575,2909,2967,4673,5185,5677,6923,6794,5926,5946,5566,4076,5369,3408,3402,4831,5053,5732,6500,5974,6267,5765,5489,5138,5349,3855,3453,5311,5186,6179,6682,5903,6088,5225,5394,5053,4822,3625,3493,5111,5373,6093,6598,6184,6003,4783,5204,4423,4329,3490,3701,4874,5573,6121,6025,6137,5437,5220,5258,4345,4888,3376,3553,4739,4146,3420,5522,6772,5924,6140,6078,4926,5117,3027,3357,4716,4961,5678,5861
394982,22,"Pittsburgh, PA",Msa,PA,1426,1725,1962,2267,2609,2539,2411,2096,2201,1636,1611,1022,895,1329,1582,1823,2254,2497,2352,2222,2397,2415,1931,1191,1034,1764,2247,2401,3001,2252,1930,1948,1809,1606,1793,1427,1118,1682,1704,2038,2429,2239,2352,1978,1856,1753,1786,1382,1283,1781,1907,2466,2645,2701,2689,2031,2389,2013,2176,1501,1415,1741,2250,2689,2576,3034,2941,2478,2486,2085,2229,1566,1285,1784,2160,2449,2864,2962,2830,2460,2692,1901,2439,1448,1475,2110,2205,2747,3117,3285,3037,2774,2762,2057,2536,1643,1638,2174,2511,2909,3498,3014,3126,2712,2636,2511,2492,1868,1573,2396,2511,3087,3424,2880,3117,2790,2822,2635,2546,1861,1549,2395,2709,3179,3583,3522,3611,2792,3011,2618,2513,1872,1762,2364,2663,3233,3179,3343,3282,2773,2757,2535,2535,1779,1724,2301,1917,1409,1979,3714,3646,3370,3320,2909,2936,1946,1688,2385,2517,2671,3377
394998,23,"Portland, OR",Msa,OR,2052,2335,2243,2518,2497,2412,2332,2146,1906,1294,1279,891,1028,1430,1498,1655,2176,2412,2170,2185,2395,2190,1773,1138,1244,2067,2359,2435,2556,1638,1641,1639,1456,1466,1613,1160,1136,1694,1723,1858,2145,2005,2162,1920,1803,1801,1832,1344,1386,1910,2061,2407,2805,2495,2885,2360,2648,2304,2279,1748,1776,2587,2934,3575,3503,3833,3671,3097,3037,2557,2534,1997,2103,2616,3065,3465,3694,3759,3672,3309,3472,2666,3005,2108,2284,3391,3883,4101,4819,4754,4463,4262,3900,3120,3740,2689,2658,3781,3848,4378,4712,4155,4546,4195,3815,3637,3864,2703,2581,3693,3391,4382,4849,4128,4451,3938,3758,3544,3472,2450,2738,3559,3737,4195,4466,4100,4550,3468,3659,3322,2796,2317,2624,3185,3609,4338,4095,4414,4367,3667,3875,3349,3383,2591,2883,3499,3044,2981,4007,4999,4665,4896,4740,4111,4142,2834,3052,3857,4377,4432,5308
394458,24,"Charlotte, NC",Msa,NC,2988,3401,3480,3615,3562,3488,3203,2884,2474,1775,1989,1277,1459,1870,1753,2019,2427,2560,2245,2231,2558,2429,2136,1213,1448,2131,2376,2501,2915,1967,1796,1749,1690,1537,1873,1213,1295,1895,1971,2111,2426,2116,2267,2145,1858,1710,2077,1562,1737,2346,2272,2779,2930,2844,3048,2415,2734,2622,2694,2052,2188,2880,3286,3899,3785,4021,3910,3080,3279,2943,3144,2423,2395,3054,3408,3821,4268,4197,4186,3686,3692,3013,3759,2593,2741,3936,3994,4318,5237,5121,4513,4195,3880,3180,4147,2677,3107,4490,4584,5305,6045,4934,5452,5110,4446,4347,5102,3504,3727,5842,5273,6083,6793,6058,6314,5538,5190,4894,4931,3629,3907,5320,5425,6063,6391,5673,6087,4831,4818,4485,4478,3464,3713,5011,5445,6054,5813,5589,5767,4840,5017,4329,4846,3428,3725,5046,4233,4285,5650,6240,5519,5493,5456,4624,5078,3551,3629,5118,5005,4665,5765
395045,25,"Sacramento, CA",Msa,CA,1079,1342,1513,1682,1880,1893,1852,1854,1725,1337,1462,937,1002,1343,1413,1500,1825,1964,1723,1754,1905,1741,1816,1249,1236,1837,1795,2110,2305,1658,1787,1712,1581,1480,1703,1267,1246,1792,1694,1805,1956,1851,2037,1992,1879,1838,2076,1502,1700,2169,2086,2445,2552,2457,2756,2376,2707,2424,2445,1836,1925,2526,2729,3090,2971,3044,3086,2656,2653,2182,2344,1793,1902,2309,2731,2843,2853,2986,2875,2723,2774,2165,2570,1775,2038,2817,3215,3172,3662,3551,3391,3227,3030,2453,3133,2051,2276,2974,3320,3429,3863,3382,3696,3528,3215,3078,3242,2262,2264,3031,3214,3744,4009,3494,3970,3514,3464,3211,3173,2435,2414,3152,3532,3789,3695,3477,3633,2824,3061,2654,2298,1892,2214,2733,3050,3541,3266,3518,3322,2954,3202,2676,2716,2193,2210,2743,2177,2141,3174,3884,3682,3712,3668,3195,3383,2228,2113,2995,3389,3177,2665
395055,26,"San Antonio, TX",Msa,TX,1324,1599,1590,1712,1862,1838,1593,1569,1481,954,1241,805,964,1281,1310,1466,1901,1959,1660,1542,1563,1524,1471,741,1059,1590,1719,1872,2030,1482,1555,1378,1229,1214,1279,992,1008,1488,1485,1738,1912,1731,1796,1576,1370,1313,1385,1094,1191,1632,1648,1916,1960,1997,2044,1677,1754,1537,1591,1278,1367,1740,2140,2367,2393,2506,2425,2050,1967,1717,1891,1359,1424,1962,2083,2423,2529,2624,2456,2393,2251,1732,2240,1451,1655,2397,2387,2582,3013,3031,2697,2533,2310,1771,2384,1582,1932,2615,2629,2843,3261,2960,3102,2710,2532,2282,2549,1805,1966,2761,2423,3300,3239,3079,3145,2733,2675,2423,2559,1956,2024,2721,2974,3425,3409,3259,3338,2542,2655,2420,2419,1808,2133,2788,2982,3584,3324,3430,3401,2785,2854,2472,2911,2167,2448,3081,2765,2732,3755,4076,3637,3489,3385,2921,3349,2478,2295,3149,3390,3358,3912
394943,27,"Orlando, FL",Msa,FL,1542,1898,1864,1837,1938,2031,1565,1801,1687,1261,1440,1093,1015,1370,1369,1340,1753,1991,1936,1964,1947,1979,2233,1584,1503,2152,1920,2085,2679,2177,1918,1753,1873,1702,1965,1748,1546,2217,2152,2232,2429,2290,2496,2264,2280,2179,2491,1899,2050,2626,2504,2788,2701,2747,2896,2281,2811,2475,2802,2370,2353,2705,3179,3355,3201,3573,3477,3143,3079,2598,3081,2646,2396,2820,3135,3307,3277,3718,3214,3245,3401,2581,3468,2597,2461,3576,3467,3615,4436,4244,4008,3976,3776,3141,3883,3007,3050,4056,4073,4443,5008,4491,4769,4293,3815,3723,4487,3580,3533,4816,4467,5217,5472,4661,4989,3653,4334,3931,4369,3875,3418,4563,4819,5578,5352,5108,5289,4355,4795,3982,4363,3695,3580,4485,5243,5468,4949,5332,5363,4447,4785,3914,4916,3572,3195,4326,3342,2998,4001,4779,4564,4491,4503,4029,4722,3552,3606,5220,5401,5583,5233
394466,28,"Cincinnati, OH",Msa,OH,1184,1500,1744,1756,2100,2060,1884,1682,1731,1164,1203,821,806,1135,1275,1238,1874,2020,1869,1865,1834,1761,1579,927,789,1433,1556,2102,2318,1488,1257,1262,1113,1094,1129,945,856,1148,1276,1327,1611,1545,1652,1405,1344,1262,1300,1080,967,1389,1534,1814,2007,1974,2006,1676,1803,1495,1428,1290,1220,1583,1879,2297,2299,2603,2541,2018,2125,1714,1750,1531,1414,1746,2178,2420,2792,3132,2372,2398,2324,1816,1881,1506,1321,2005,2158,2464,3207,2799,2891,2633,2379,1997,2011,1864,1855,2428,2957,2971,3530,3094,3396,2980,2851,2569,2582,1978,1839,2842,2846,3421,3436,3132,3285,2905,2927,2678,2483,2085,1786,2722,3181,3251,3782,3539,3476,3034,2866,2563,2342,1943,1830,2478,2952,3266,3309,3355,3160,2872,3038,2473,2483,1871,1839,2391,2262,2335,3005,3389,3238,3250,3267,2494,2829,2069,1965,2574,2927,3123,3620
394475,29,"Cleveland, OH",Msa,OH,782,975,1058,1180,1353,1306,1216,1198,1044,755,914,521,533,699,830,959,1156,1194,1053,1077,1132,1167,823,568,571,922,1231,1331,1597,848,1013,951,873,801,853,591,529,844,902,1005,1221,1123,1226,1099,950,890,970,679,697,968,1113,1375,1549,1394,1564,1285,1334,1246,1197,938,833,1246,1369,1766,1885,1910,1898,1506,1688,1465,1503,1025,997,1308,1443,1820,2058,2132,2058,1891,1854,1368,1571,1131,1092,1500,1602,1991,2309,2457,2163,2079,1898,1460,1742,1254,1373,1820,2048,2285,2759,2384,2383,2243,2078,1899,1972,1512,1419,2120,2054,2792,3085,2657,2916,2437,2417,2137,2080,1467,1378,2093,2212,2798,2990,2762,2835,2190,2378,2119,1933,1449,1419,1861,2273,2787,2624,2690,2706,2172,2258,1835,1824,1381,1452,1893,1798,1834,2361,2821,2749,2596,2595,2438,2404,1729,1485,2166,2284,2468,3302
394735,30,"Kansas City, MO",Msa,MO,1712,2095,2238,2744,2509,2548,2381,2261,2007,1426,1598,1113,1235,1781,1766,2039,2659,2633,2308,2224,2405,2326,1839,1055,1194,2029,2369,2656,2695,1634,1705,1632,1546,1516,1605,1153,1160,1667,1823,2034,2265,1957,2231,1934,1725,1662,1789,1311,1453,1982,2234,2452,2585,2590,2689,1962,2251,1921,2000,1634,1511,2202,2429,3003,2957,3240,3035,2548,2501,2026,2124,1525,1511,2190,2417,3034,3220,3218,2880,2555,2639,2014,2283,1531,1751,2578,2903,3401,3881,3801,3196,3029,2798,2075,2588,1787,1911,2900,3211,3689,4289,3565,3607,3282,2948,2691,2808,1907,1933,3043,3118,3899,4190,3690,3642,3050,3162,2914,2791,2095,2027,3016,3084,3898,4159,3884,3828,3036,3202,2818,2411,1865,1982,2621,3067,3861,3928,3933,3821,3155,3251,2726,2925,2115,2105,2858,2957,3029,3819,4401,3778,3867,3865,3181,3502,2271,2081,2585,3057,3432,3871
394775,31,"Las Vegas, NV",Msa,NV,1395,1760,1768,1737,1730,1648,1629,1753,1602,1227,1348,847,925,1195,1165,1228,1681,1653,1649,1792,2002,2155,2222,1600,1672,2434,2467,2485,,2364,2281,2295,2063,2181,2196,1753,1817,2366,2168,2332,2578,2105,2574,2271,2221,2332,2544,2093,2486,2768,2583,2925,2966,2873,3426,3014,3421,3164,3351,2698,2914,3199,3456,3530,3395,3586,3545,3182,3271,2740,2871,2382,2313,2848,3018,3246,3304,3309,3181,3142,3053,2711,3011,2327,2583,3441,3508,3480,3933,4079,3782,3579,3227,2844,3666,2590,2988,3965,3846,5044,,,,,,,,3109,3344,4516,3960,4917,5211,4388,4686,4264,4287,3996,4085,3519,3074,4942,4360,4708,4812,4683,4643,3779,3946,3522,3327,2769,3092,3862,4227,4655,4104,4538,4397,4004,4096,3491,3792,3382,3487,4073,2969,2541,3518,4494,4087,4338,4219,3967,4225,3303,3488,4761,4497,3886,4286
394492,32,"Columbus, OH",Msa,OH,774,867,886,1102,1262,1201,1065,1040,951,643,641,455,456,600,626,749,1105,1146,1110,1130,1193,1238,997,572,515,855,1054,1296,1509,914,837,819,757,735,782,607,502,725,769,903,1070,1065,1170,1098,870,836,899,832,760,1098,1208,1544,1911,1740,1948,1614,1554,1544,1341,1081,1034,1302,1706,1921,2107,2307,2109,1823,1726,1766,1499,1257,1160,1621,1650,2091,2359,2666,2122,2164,2050,1538,1765,1280,1184,1818,1971,2270,2814,2878,2586,2350,2230,1692,2022,1442,1575,2004,2302,2640,3061,2735,3052,2644,2370,2212,2194,1576,1498,2307,2186,2822,3180,2710,3156,2554,2692,2335,2331,1802,1645,2300,2273,2757,2979,2994,2940,2254,2591,2166,2125,1764,1578,2024,2383,2902,2832,2980,2862,2496,2525,2117,2197,1639,1596,1950,1862,2235,2576,2821,2664,2823,2977,2275,2429,1800,1595,2067,2240,3015,2977
394705,33,"Indianapolis, IN",Msa,IN,1369,1665,2005,2042,2398,2377,2083,2025,2052,1320,1806,1015,1096,1484,1591,1785,2298,2360,2096,2095,2139,1890,2360,903,1074,1680,1902,2163,2752,1835,1822,1598,1452,1349,1823,1003,1003,1554,1723,1938,2233,2063,2250,2006,1705,1599,1829,1253,1250,1676,2007,2256,2698,2344,2679,2145,2533,2030,2111,1722,1870,2226,2735,3359,3260,3366,3277,2573,2586,2172,2223,1609,1687,2051,2512,2963,3283,3422,2949,2694,2851,2067,2668,1611,1651,2379,2671,3001,3616,3788,3222,3065,2647,2337,3020,1736,1883,2666,2924,3514,3932,3686,3725,3447,2966,2716,2827,1969,1914,3122,3111,3616,4269,3516,3680,3207,3130,2953,3037,2038,2040,2743,3213,3770,3803,3876,3965,3322,3336,2826,2818,1924,2109,2806,3125,3770,3649,3941,3781,3320,3494,2882,3390,2203,2267,3187,2990,2863,3586,4282,3853,3943,3856,3455,3852,2130,2099,2809,2829,3848,4078
395059,34,"San Jose, CA",Msa,CA,724,924,1003,1172,1251,1245,1275,1139,1039,742,783,560,575,709,879,1052,1386,1493,1232,1378,1402,1269,1384,816,840,1250,1358,,1608,1327,1287,1186,1103,1177,1270,802,862,1318,1393,1377,1517,1345,1420,1295,1192,1192,1262,916,1015,1435,1530,1794,1685,1538,1617,1412,1522,1524,1609,917,1050,1450,1624,1777,1641,1821,1783,1584,1615,1321,1341,918,1025,1341,1703,1740,1707,1672,1565,1529,1620,1311,1373,891,985,1483,1790,1710,1934,1860,1665,1568,1506,1241,1580,982,918,1374,1670,1717,1833,1465,1522,1565,1512,1494,1364,910,968,1461,1498,1868,1981,1677,1752,1606,1530,1421,1377,901,987,1489,1559,1722,1556,1390,1477,1174,1276,1179,957,704,827,1263,1383,1558,1349,1336,1350,1113,1278,1224,1194,771,908,1082,867,702,1211,1479,1396,1489,1654,1527,1429,1049,1163,1644,2064,1876,2406
394355,35,"Austin, TX",Msa,TX,1402,1846,1960,2106,2193,2229,1948,1639,1491,1017,1323,766,1000,1389,1488,1795,1968,2181,1840,1763,1775,1656,1530,812,1024,1836,2031,2171,2196,1505,1594,1279,1220,1290,1482,999,1043,1624,1687,2090,2164,2006,2159,1680,1454,1406,1666,1110,1275,1882,2017,2507,2651,2554,2477,1953,2173,1739,1936,1502,1598,2278,2716,2953,2877,3258,3186,2441,2353,1917,2224,1398,1747,2269,2486,2996,3038,3161,2705,2552,2482,1889,2338,1629,1795,2582,2622,2878,3186,3383,2909,2718,2443,1886,2559,1633,1893,2738,2714,3121,3558,3038,3317,2696,2416,2251,2614,1720,2019,2769,2665,3400,3666,3168,3295,2618,2555,2312,2883,1897,2110,2805,2935,3495,3520,3389,3285,2456,2501,2276,2526,1729,2141,2695,3069,3603,3286,3529,3268,2797,2815,2474,2927,1901,2429,3044,2419,2388,3602,4071,3640,3461,3320,3012,3319,2199,1887,2936,3249,3511,3865
395194,36,"Virginia Beach, VA",Msa,VA,1377,1626,1737,1628,1801,1878,1639,1351,1347,923,1004,684,804,1157,1152,1342,1729,1797,1617,1489,1554,1648,1231,799,879,1263,1430,1522,1740,1297,1229,1060,936,1044,1035,854,730,1138,1211,1338,1403,1255,1351,1184,1139,1078,1230,909,1072,1262,1323,1626,1689,1623,1669,1311,1491,1314,1264,1187,1108,1512,1728,1819,1906,2168,1909,1646,1609,1374,1422,1021,1139,1354,1633,1886,1998,2103,1911,1698,1722,1390,1759,1158,1081,1998,1803,1971,2385,2493,2112,2023,1895,1578,1947,1268,1542,1953,2072,2427,2912,2421,2591,2260,1991,1897,2114,1465,1530,2147,2221,2776,2974,2492,2797,2279,2380,2053,2200,1587,1613,2361,2443,2939,3064,3000,2991,2195,2371,2017,2126,1726,1786,2381,2584,3099,3016,3271,2972,2493,2612,2286,2342,1847,1836,2509,2458,2519,3210,3570,3502,3403,3119,2527,2876,1968,1917,2781,3232,3329,2941
394902,37,"Nashville, TN",Msa,TN,2089,2407,2476,2647,2740,2807,2547,2290,2081,1353,1500,1011,1149,1499,1670,1780,2303,2241,2058,2117,2148,2074,1826,981,1142,1880,2162,2168,2642,1695,1596,1573,1488,1421,1508,1066,1162,1533,1565,1898,2134,1949,2112,1844,1652,1708,1798,1364,1472,1887,2180,2550,2605,2784,2903,2213,2550,2258,2294,1830,1781,2517,3200,3470,3524,3923,3556,3081,3142,2731,2854,2163,2196,2923,3389,3621,4031,4139,3847,3830,3741,3020,3487,2404,2372,3606,3600,4139,4875,4845,4472,4315,3907,2891,3901,2655,2882,3847,4176,4651,5070,4590,4925,4447,4306,4064,4304,3219,3216,4657,4369,5176,5445,4852,5318,4534,4535,4118,4216,3204,3163,4314,4687,5007,5136,4959,5177,4172,4313,3706,3672,2998,3177,4151,4639,5381,5182,5420,5111,4666,4893,4270,4554,3423,3648,4607,3912,3872,5268,5561,5324,5261,4900,4197,4981,3201,3052,4522,4498,4473,4753
395005,38,"Providence, RI",Msa,RI,686,877,957,1148,1230,1198,1065,937,1060,747,726,515,569,612,704,951,1163,1351,1187,1181,1227,1278,1047,620,612,911,1066,1155,1487,932,941,890,915,841,934,649,564,785,889,1003,1181,1094,1067,1020,886,912,1042,730,677,925,977,1112,1381,1213,1337,1078,1153,1302,1244,851,753,1027,1137,1538,1638,1639,1728,1362,1424,1237,1226,928,785,992,1199,1482,1685,1620,1562,1453,1559,1189,1403,919,796,1045,1135,1481,1908,1974,1779,1656,1710,1341,1577,1089,1060,1335,1524,1847,2264,1989,2044,1993,1779,1667,1764,1276,1001,1292,1394,1830,2377,2080,2191,2027,1995,1796,1760,1219,1068,1444,1552,1975,2305,2084,2275,1796,1942,1791,1461,1163,1086,1432,1562,2112,2159,2236,2163,1851,1963,1813,1855,1359,1233,1548,1410,1551,1863,2322,2241,2363,2374,2155,2357,1511,1244,1645,1661,1849,2379
394862,39,"Milwaukee, WI",Msa,WI,645,890,1152,1211,1380,1647,1396,1259,1160,798,747,584,444,663,766,822,1218,1409,1458,1274,1232,1072,1183,609,477,874,1062,1332,1731,928,751,749,724,728,576,717,495,717,782,866,1196,1033,1179,952,869,805,702,714,611,818,1047,1360,1377,1370,1420,1247,1204,813,901,833,735,1076,1217,1417,1657,1767,1784,1365,1392,1276,960,829,702,907,1202,1451,1738,1932,1596,1555,1505,1029,1135,810,645,1173,1509,1581,2200,2355,1634,1670,1627,991,1291,894,883,1255,1570,1930,2277,2105,2006,1678,1527,1371,1242,912,794,1274,1511,1883,2299,1983,1993,1675,1634,1340,1271,922,792,1313,1497,1870,2024,2056,2105,1556,1657,1346,1219,903,980,1268,1264,1460,1575,1704,1603,1406,1414,1125,1014,944,744,1059,1266,1127,1461,1735,1725,1750,1666,1527,1593,1042,865,1231,1388,1759,2124
394714,40,"Jacksonville, FL",Msa,FL,1080,1214,1253,1374,1493,1374,1154,1096,1129,793,954,731,617,831,842,840,1121,1189,1046,1039,1126,1096,1368,722,732,998,1085,1032,1459,1190,1034,961,959,904,1043,847,799,1016,1091,1169,1275,1178,1402,1121,1098,1017,1242,878,989,1264,1234,1359,1416,1383,1426,1180,1323,1379,1571,1197,1137,1420,1691,1902,1938,1940,1921,1744,1728,1539,1906,1332,1226,1603,1821,1866,2056,2200,2022,1883,2016,1583,2194,1323,1418,2162,2255,2288,2723,2683,2347,2497,2249,1800,2364,1784,1908,2633,2591,2844,3313,2842,3123,2686,2342,2262,2716,2021,2145,2963,2868,3387,3517,3026,3471,2328,2632,2690,2957,2103,2130,2929,3203,3469,3414,3352,3211,2871,2968,2782,2807,2229,2313,2927,3398,3668,3649,3503,3449,3012,3008,2644,3360,2537,2658,3616,3133,2797,3752,4433,3925,3993,3891,3179,3688,2646,2671,3499,3497,4127,3859
394849,41,"Memphis, TN",Msa,TN,845,1014,1058,1028,1190,1186,1097,953,862,569,627,494,541,681,736,781,828,973,857,849,844,835,820,524,510,780,855,924,1126,844,718,658,663,576,632,512,473,678,680,789,905,891,910,755,711,668,611,551,597,783,775,928,914,987,1078,866,1076,738,780,803,651,880,1015,1090,1200,1308,1244,1021,1072,864,856,836,735,974,1062,1104,1328,1297,1187,1252,1192,886,1132,872,767,1116,1133,1282,1528,1620,1407,1349,1202,973,1165,840,978,1319,1366,1596,1717,1573,1535,1388,1390,1266,1393,1115,984,1453,1415,1696,1785,1656,1863,1517,1447,1417,1289,1069,1068,1476,1580,1863,1936,1753,1860,1509,1677,1364,1292,1140,1174,1416,1599,1745,1825,1859,1800,1595,1604,1292,1433,1175,1166,1470,1429,1356,1680,1957,1767,1719,1711,1534,1655,1270,1009,1521,1530,1854,2026
394935,42,"Oklahoma City, OK",Msa,OK,1080,1306,1723,1652,1728,1871,1688,1497,1518,1021,1103,692,880,1218,1253,1340,1589,1682,1537,1506,1516,1580,1226,660,808,1380,1665,1588,1737,1154,1112,997,982,967,1104,874,797,1234,1240,1365,1468,1405,1603,1356,1334,1213,1256,987,1187,1333,1518,1817,1846,1858,1829,1691,1824,1601,1595,1442,1308,1787,2005,2070,2112,2499,2499,2110,1952,1601,1672,1286,1321,1794,1936,2148,2295,2392,2202,1935,1980,1615,1997,1360,1354,1944,1881,2251,2269,2526,2223,2161,1825,1410,1553,1554,1441,1994,2093,2408,2323,2158,2342,2095,1997,1697,1841,1378,1382,2099,1923,2521,2513,2236,2436,2026,1821,1687,1843,1362,1334,1957,1884,2362,2352,2286,2517,2096,2221,1848,1806,1533,1600,2145,2258,2837,2479,2619,2651,2196,2385,1869,2010,1594,1672,2191,1998,2020,2828,3056,2781,2676,2249,2202,2318,1792,1604,2271,2602,2710,2777
394807,43,"Louisville-Jefferson County, KY",Msa,KY,949,1067,1235,1280,1443,1423,1292,1187,1167,741,830,531,607,873,899,1026,1368,1423,1248,1303,1360,1321,1083,710,662,1030,1246,1346,1670,1021,943,891,849,858,882,671,637,857,971,941,1201,1061,1173,1021,925,932,985,757,818,1051,1146,1407,1346,1436,1383,1333,1389,1244,1183,1082,1013,1282,1503,1739,1730,1964,1866,1642,1533,1360,1288,966,960,1203,1453,1632,1809,1937,1841,1594,1535,1268,1470,1045,963,1376,1527,1754,2229,2182,1946,1953,1874,1257,1437,1261,1297,1786,1804,2061,2325,2037,2220,2041,1927,1862,1770,1302,1224,1967,1727,2070,2379,2062,2264,2020,1792,1773,1662,1387,1436,1757,2005,2292,2395,2284,2595,2103,2004,1768,1583,1455,1356,1721,1878,2193,2227,2377,2271,1958,2025,1737,1903,1315,1424,1803,1682,1610,2139,2450,2337,2026,2235,1920,2080,1478,1381,1726,1878,2181,2451
394669,44,"Hartford, CT",Msa,CT,640,888,901,1061,1240,1210,1131,924,978,734,748,435,452,616,668,821,1173,1249,1151,957,1090,1179,903,510,502,814,962,1110,1499,780,836,731,676,730,700,505,457,663,670,850,1092,888,990,772,742,728,685,519,509,774,875,1006,1177,1162,1211,879,984,1005,950,735,546,815,955,1225,1261,1442,1356,1156,1156,996,1113,760,627,838,921,1113,1512,1515,1337,1230,1229,917,1129,686,652,851,934,1123,1634,1680,1545,1337,1287,998,1205,803,792,1026,1200,1404,1758,1526,1763,1380,1312,1195,1254,997,744,978,1131,1483,1797,1676,1704,1436,1359,1239,1169,887,752,1017,1173,1508,1779,1752,1740,1239,1423,1229,1193,847,719,1005,1264,1543,1817,1744,1674,1451,1440,1264,1378,1021,896,1189,1243,1387,1580,2048,2161,1974,2089,1747,1947,1258,1014,1387,1543,1678,2265
395022,45,"Richmond, VA",Msa,VA,1149,1487,1490,1551,1713,1528,1439,1205,1091,798,906,626,658,866,842,1076,1519,1415,1315,1153,1234,1264,989,593,649,959,1140,1287,1618,919,946,823,805,792,876,631,606,934,846,1083,1249,1071,1182,987,863,867,945,750,716,928,1121,1399,1463,1298,1369,1014,1133,1079,1106,893,886,1144,1340,1705,1715,1741,1639,1291,1247,1220,1265,937,876,1150,1341,1551,1836,1723,1609,1465,1388,1195,1367,890,1023,1511,1583,1754,2296,2110,1884,1699,1652,1227,1608,1023,1131,1558,1745,2051,2471,2126,2246,1841,1653,1591,1720,1241,1233,1910,1932,2388,2778,2232,2451,2018,1944,1861,1965,1326,1339,1921,1991,2363,2706,2569,2537,1783,2056,1783,1730,1386,1395,2011,2009,2467,2634,2479,2395,2089,2168,1886,2100,1441,1527,2059,1981,2040,2398,2519,2389,2332,2428,2066,2332,1573,1517,2122,2243,2405,2880
394910,46,"New Orleans, LA",Msa,LA,614,680,798,864,827,887,657,462,541,382,389,416,474,626,578,590,752,709,653,636,657,641,626,349,348,543,654,754,694,587,554,480,484,424,518,419,381,608,574,681,799,742,702,649,608,576,526,492,468,625,665,867,850,781,683,681,772,689,666,585,517,726,816,965,847,844,914,804,791,706,697,605,564,694,796,953,994,1013,966,924,920,765,820,681,615,902,943,1120,1115,1189,1172,1080,988,813,939,759,805,1007,1004,1185,1258,1145,1208,1029,1020,921,929,828,774,1114,1005,1229,1327,1199,1172,1005,1025,887,944,761,803,1019,1200,1362,1264,1309,1370,1031,1103,927,841,733,786,949,1055,1308,1230,1307,1184,1119,1197,921,893,854,814,1006,885,811,1219,1365,1254,1307,1138,1072,1165,889,900,1257,1219,1249,1673
394425,47,"Buffalo, NY",Msa,NY,540,612,800,828,1012,1140,1059,942,966,719,727,467,396,483,578,708,969,1214,1147,970,1107,1041,748,455,402,630,801,880,,,645,744,696,626,668,505,402,507,572,658,876,829,921,807,703,677,739,556,471,658,675,799,934,1019,935,916,824,765,699,664,510,661,720,905,1118,947,1225,1016,991,864,776,587,486,609,695,869,1022,1134,1129,1038,1087,730,935,604,491,698,733,857,1156,1394,1355,1209,1224,962,1035,732,699,741,860,1025,1218,1260,1415,1235,1257,1081,1047,835,738,863,828,1086,1234,1180,1450,1193,1328,1080,1116,846,756,718,890,1052,1197,1280,1337,1159,1309,1069,1078,724,629,764,844,1019,1035,1250,1344,1186,1215,1114,1038,868,624,651,726,689,708,905,1163,1306,1407,1249,1317,908,861,782,819,755,1196
395012,48,"Raleigh, NC",Msa,NC,1683,1887,1879,2066,2116,1991,1817,1676,1528,1062,1185,731,895,1155,1233,1351,1662,1764,1582,1485,1594,1672,1299,813,912,1399,1734,1809,1930,1189,1108,1010,952,942,1102,736,793,1172,1257,1265,1504,1300,1392,1237,1126,1053,1120,856,1083,1341,1413,1652,1892,1617,1725,1499,1442,1383,1633,1178,1277,1821,2054,2429,2287,2366,2281,1926,1906,1738,1991,1357,1346,1840,2156,2478,2456,2502,2307,1885,2188,1771,2103,1386,1454,2181,2012,2497,2934,2823,2559,2449,2391,1847,2212,1543,1657,2413,2571,3026,3383,2836,2957,2809,2409,2292,2494,1703,1835,2937,2655,3004,3535,2746,3109,2667,2520,2550,2637,1794,1809,2689,2809,3083,3401,3186,3206,2403,2614,2583,2532,1746,2137,2786,2930,3401,3206,3260,3151,2637,2934,2642,2956,2075,2334,2928,2577,2555,3143,3356,2864,2790,2841,2389,2715,1812,1914,2542,2615,2748,3283
394388,49,"Birmingham, AL",Msa,AL,785,888,1067,1027,1127,1106,996,1012,942,612,721,602,598,861,949,962,1120,1092,905,954,968,963,940,661,619,984,1108,1203,1234,890,838,741,654,650,769,591,634,864,801,841,1033,1006,1087,960,1084,829,1016,866,913,1138,1255,1499,1483,1478,1512,1352,1451,1364,1329,,,,,,,,,,,,,,,,,,,,,,,,,,,,,,,,,,,,,,1088,1540,1546,1908,1918,1665,1758,1681,1396,1470,1402,1105,1232,1752,1662,1967,1989,1761,1931,1606,1481,1455,1397,1059,1302,1727,1788,2111,2160,2015,2057,1608,1739,1522,1468,1117,1356,1727,1924,2064,1993,1872,1935,1675,1586,1385,1487,1232,1274,1626,1476,1535,1900,2131,1935,1977,1835,1739,1860,1416,1341,1965,1994,2042,2422
395053,50,"Salt Lake City, UT",Msa,UT,773,953,1019,1121,1128,1050,1052,1051,853,597,670,425,570,735,839,1030,1237,1111,995,965,1081,1071,858,504,624,1024,1186,1220,1049,733,766,720,719,706,799,541,601,834,921,950,1057,999,1052,943,923,879,913,730,811,1067,1162,1270,1257,1264,1432,1161,1231,1155,1027,851,901,1186,1395,1652,1570,1568,1534,1266,1274,1096,1093,847,931,1180,1282,1535,1599,1519,1446,1318,1425,1076,1230,834,1074,1649,1588,1774,1938,1938,1702,1603,1497,1203,1467,1005,1086,1583,1666,1948,2075,1763,1920,1781,1603,1552,1461,1062,1072,1623,1624,1923,1973,1738,1841,1603,1739,1567,1463,1180,1211,1632,1557,1768,1866,1633,1789,1465,1492,1328,1208,938,1044,1298,1550,1849,1693,1780,1730,1492,1604,1362,1301,959,1117,1268,1142,1473,1854,2037,1795,1774,1786,1541,1540,953,987,1283,1443,1422,2048
395031,51,"Rochester, NY",Msa,NY,678,770,980,1198,1297,1457,1381,1145,1095,840,865,521,472,688,790,951,1227,1370,1333,1103,1208,1108,944,526,534,857,1060,1220,,795,848,813,832,767,782,571,546,666,759,941,1160,1029,1155,915,866,800,846,604,622,758,833,1148,1236,1158,1311,900,1125,932,848,669,598,747,871,1133,1188,1398,1421,1050,1094,928,913,625,521,715,854,1067,1258,1447,1366,1142,1185,934,976,650,587,775,810,1082,1409,1626,1437,1311,1249,973,1071,724,730,887,1004,1306,1525,1448,1525,1281,1245,1123,1141,849,695,915,971,1300,1559,1417,1707,1348,1395,1184,1162,943,726,940,979,1261,1538,1465,1693,1119,1401,1146,1053,779,707,864,1014,1232,1264,1493,1627,1337,1318,1124,1121,810,665,787,841,874,913,1261,1427,1543,1495,1321,1372,921,704,878,861,965,1313
394640,52,"Grand Rapids, MI",Msa,MI,519,731,771,857,940,920,880,889,791,553,474,425,356,536,515,638,741,941,1011,942,991,875,816,644,518,747,,,,871,670,730,706,607,634,598,493,677,739,800,937,936,1101,861,806,789,801,745,626,831,1050,1087,1133,1251,1180,1130,1272,1016,1023,1119,852,1064,1250,1421,1484,1680,1693,1646,1503,1158,1103,976,822,1015,1158,1477,1679,1934,1740,1786,1696,1253,1317,986,901,1235,1424,1621,2175,2097,2056,1942,1883,1438,1463,1310,1210,1501,1505,1904,2218,2050,2228,2425,1869,1711,1514,1446,1084,1655,1483,2008,2298,2011,2143,1956,2005,1528,1475,1373,969,1484,1515,2009,2095,2089,2157,1798,2009,1573,1338,1167,1178,1423,1614,1990,2041,2206,2085,1816,1893,1621,1598,1398,1230,1509,1289,918,1801,2305,2155,2181,2244,1933,1859,1363,1216,1483,1693,1544,2089
395167,53,"Tucson, AZ",Msa,AZ,851,1011,1055,1097,1094,961,898,924,822,604,711,492,624,738,725,817,1022,1055,820,802,919,922,767,611,655,1042,1119,1065,1112,651,709,678,607,619,755,581,687,882,881,899,903,799,807,807,729,839,830,711,827,1127,1084,1123,1162,1034,1105,909,1023,968,991,848,965,1318,1339,1493,1369,1303,1278,1146,1141,983,1058,869,989,1130,1324,1237,1295,1214,1197,1070,1135,947,1087,827,1000,1308,1456,1450,1561,1499,1324,1338,1264,979,1287,1023,1173,1591,1626,1636,1770,1506,1521,1486,1394,1434,1486,1213,1349,1851,1670,1892,1855,1606,1701,1555,1534,1511,1404,1190,1393,1869,1885,2002,1930,1672,1706,1428,1564,1371,1386,1112,1319,1774,1972,2200,1854,1881,1808,1589,1644,1501,1633,1326,1458,1805,1530,1500,1846,2049,1691,1931,2091,1759,2115,1577,1721,2292,2266,2069,2391
753924,54,"Urban Honolulu, HI",Msa,HI,683,834,,825,756,891,696,669,610,,535,514,373,456,478,496,617,622,610,651,724,,667,437,422,629,702,706,844,601,531,625,588,526,752,454,489,562,547,568,700,593,657,682,584,,636,463,454,535,579,632,659,692,762,616,772,734,831,552,533,764,637,734,763,805,952,793,754,776,778,644,535,677,764,828,787,824,851,788,929,794,830,890,595,744,877,866,848,913,792,874,818,636,845,629,713,786,905,,968,841,932,832,728,812,954,761,688,882,872,949,952,906,1073,1006,1003,999,927,677,605,860,913,920,992,878,1053,901,793,751,,637,619,760,801,875,805,977,940,918,922,855,878,681,569,696,564,499,605,775,761,854,803,718,896,658,674,880,977,893,
395169,55,"Tulsa, OK",Msa,OK,852,1032,1079,1181,1179,1346,1175,1173,1178,740,787,530,655,891,987,1037,1198,1345,1057,1271,1044,1127,923,515,586,901,1116,1160,1176,819,686,767,677,640,647,547,502,729,737,673,943,919,1008,898,766,792,851,665,726,950,954,1153,1107,1205,1171,993,1102,890,975,853,825,1056,1299,1303,1377,1436,1321,1164,1101,972,1016,829,795,1051,1165,1302,1382,1400,1334,1238,1197,965,1158,776,876,1239,1235,1387,1509,1571,1509,1233,1209,905,1008,872,981,1320,1433,1583,1584,1452,1552,1429,1226,1149,1155,852,989,1411,1372,1743,1594,1431,1482,1312,1351,1197,1205,1008,1015,1378,1456,1652,1598,1643,1660,1387,1427,1332,1205,984,1089,1482,1623,1786,1572,1681,1669,1537,1513,1227,1205,1022,954,1292,1284,1271,1701,1864,1713,1752,1803,1483,1652,1184,1074,1558,1626,1811,2067
394619,56,"Fresno, CA",Msa,CA,336,383,489,464,494,516,544,535,564,406,488,326,307,429,523,470,579,625,564,589,622,598,563,386,371,501,551,587,717,476,512,488,465,444,485,395,360,496,516,492,615,569,651,569,565,569,632,452,506,593,588,678,687,691,739,645,800,677,672,516,601,673,725,814,781,884,837,735,746,668,752,552,584,651,812,848,796,844,808,809,826,640,815,576,613,826,871,904,1051,955,928,944,888,658,888,666,706,913,938,980,1097,978,1100,978,931,845,959,680,686,938,956,1053,1213,1024,1213,1031,1036,971,955,718,786,1005,1018,1127,1176,1035,1149,894,976,906,933,706,647,930,969,1038,1007,1058,1037,920,969,852,979,690,730,839,759,699,931,953,967,919,978,889,956,698,676,810,970,889,
395238,57,"Worcester, MA",Msa,MA,360,506,579,727,785,697,772,510,614,465,472,295,302,417,436,593,641,874,703,701,823,804,649,342,401,594,694,774,941,540,547,551,534,488,602,378,302,475,528,537,760,626,712,622,548,566,586,413,398,510,605,704,890,803,900,640,711,751,706,516,442,629,690,946,971,1111,1102,893,909,823,782,594,480,609,708,909,1037,1052,1078,888,953,735,858,538,477,619,680,920,1298,1406,1247,1091,1111,820,1042,699,687,787,893,1012,1613,1264,1438,1238,1103,1039,1071,804,646,802,857,1216,1560,1327,1422,1181,1168,1211,1083,820,587,827,947,1156,1507,1381,1460,1165,1224,1109,1022,763,694,830,998,1193,1369,1343,1462,1220,1338,1152,1143,898,763,948,984,1017,1216,1466,1500,1389,1554,1292,1423,903,728,927,964,1121,1562
394415,58,"Stamford, CT",Msa,CT,486,596,638,728,942,988,805,662,589,406,450,287,287,397,391,515,717,810,760,636,696,740,694,438,381,609,635,709,1141,845,802,611,592,574,672,465,392,516,600,747,1030,702,849,661,533,541,599,465,403,562,645,815,1019,999,983,713,677,694,790,562,471,665,868,1092,1216,1402,1230,861,924,832,927,620,514,639,780,960,1265,1214,1123,869,946,705,861,612,596,649,776,994,1310,1399,1118,1026,900,745,869,646,628,727,938,1015,1380,1179,1336,1030,931,812,936,746,638,854,847,1154,1485,1221,1293,968,1005,901,923,751,619,786,930,1075,1413,1319,1345,946,978,904,933,685,606,777,891,1196,1288,1362,1306,988,1061,909,1062,872,694,871,892,1011,1168,1852,2030,1896,1916,1623,1643,1207,941,1276,1395,1345,2054
394312,59,"Albuquerque, NM",Msa,NM,592,686,747,759,811,785,681,651,584,437,473,353,379,514,592,604,741,850,682,749,795,707,618,357,421,690,729,809,765,611,552,497,513,508,547,391,414,594,581,649,714,667,644,574,584,516,577,432,536,636,655,802,714,771,854,719,739,629,700,551,609,747,841,977,967,1033,948,802,798,613,705,597,566,761,751,848,875,900,882,760,803,629,738,551,605,901,899,974,1079,1165,1036,959,924,693,922,614,727,984,1080,1077,1208,1178,1153,1032,898,880,958,698,697,1121,1068,1301,1355,1153,1179,1076,1043,921,970,831,792,1163,1193,1305,1285,1234,1258,1058,1085,977,920,798,795,1081,1224,1422,1210,1321,1342,1145,1106,995,1050,881,896,1062,1058,1015,1239,1570,1347,1345,1353,1220,1259,962,948,1216,1214,1227,1775
394308,60,"Albany, NY",Msa,NY,353,373,427,482,577,625,659,575,566,459,445,275,235,317,321,419,473,579,557,633,562,586,556,288,269,352,400,456,,447,414,356,378,386,362,287,241,331,329,379,468,420,514,425,409,378,416,353,303,310,403,453,487,498,613,460,518,481,388,405,305,395,404,489,542,626,662,567,573,463,517,397,318,334,424,450,526,643,620,576,593,427,558,408,318,410,450,526,652,719,728,687,663,576,613,460,382,508,550,593,807,729,768,723,659,650,624,495,381,508,516,636,830,758,797,682,679,680,662,517,381,553,592,664,766,771,822,696,698,618,530,427,354,433,469,521,562,640,687,591,598,546,488,431,355,368,338,414,377,598,635,682,666,694,707,516,399,430,396,370,851
394938,61,"Omaha, NE",Msa,NE,583,749,844,990,1019,958,863,802,837,475,623,,,,,,,,,,,,,,,,,,,,,,,,,439,388,628,698,829,931,838,919,748,701,734,700,624,543,725,829,1216,1201,1195,1249,1042,1127,923,977,708,612,966,1097,1412,1552,1633,1519,1257,1413,1105,1092,846,761,1079,1262,1433,1692,1593,1522,1359,1260,993,1150,760,780,1210,1405,1624,1894,1824,1561,1417,1402,1075,1385,907,906,1314,1459,1585,1981,1630,1590,1483,1329,1315,1229,1012,763,1249,1315,1597,1819,1576,1677,1392,1321,1275,1283,957,863,1052,1228,1574,1756,1686,1762,1463,1620,1231,1084,903,902,1003,1124,1443,1480,1500,1579,1217,1278,1223,1076,786,788,1070,1094,1237,1573,1753,1490,1433,1564,1364,1310,857,777,979,1166,1395,1863
394908,62,"New Haven, CT",Msa,CT,426,536,581,719,826,753,711,555,619,472,429,296,247,359,418,489,681,791,727,618,694,716,598,338,323,502,551,637,929,523,479,443,451,423,482,336,304,385,422,542,657,532,563,516,411,431,502,393,315,446,486,590,675,674,722,569,540,554,641,425,381,461,579,672,812,869,846,669,691,634,608,412,382,495,542,672,811,847,756,694,710,588,650,410,388,525,587,681,991,967,901,836,788,589,743,530,506,629,623,786,1018,937,1043,808,841,716,813,599,476,668,675,958,1163,969,1065,812,846,752,756,617,512,622,814,937,1224,1098,1063,796,964,783,710,531,531,657,800,1035,1113,1182,1103,869,883,813,824,694,606,722,726,784,945,1326,1302,1311,1381,1220,1269,897,730,963,1013,1051,1663
394357,63,"Bakersfield, CA",Msa,CA,406,441,514,556,582,560,529,589,524,359,425,346,335,462,438,464,521,603,557,549,644,,,,,,,,,,,,,,,,,,564,577,585,544,681,654,564,657,655,503,519,688,665,740,806,711,796,631,820,693,724,619,550,718,744,875,879,950,908,816,846,758,707,639,595,738,788,927,901,932,974,805,929,750,825,644,596,840,925,997,1039,1127,999,1000,909,719,856,718,700,923,935,1015,1152,992,1069,1052,942,937,936,782,740,1069,938,1104,1190,1030,1139,985,1045,927,991,795,762,1055,977,1194,1197,1120,1146,935,1073,949,832,699,670,888,983,1039,969,1190,1243,1084,1052,817,796,734,698,875,774,707,967,1183,1009,1156,1161,1014,1182,879,839,1122,1143,1001,1519
394753,64,"Knoxville, TN",Msa,TN,755,907,977,1085,1004,982,948,772,776,557,540,356,463,536,564,637,840,902,827,842,842,804,681,415,461,761,875,825,989,680,727,604,597,610,575,423,459,624,625,784,722,687,800,701,635,604,631,463,525,691,786,893,984,799,857,715,703,772,733,594,620,733,916,1082,1077,1126,1151,1037,972,898,813,599,628,964,975,1171,1226,1313,1168,1081,1084,869,1010,683,709,1135,1148,1332,1530,1513,1363,1332,1211,942,1184,791,1036,1226,1471,1591,1731,1564,1577,1439,1316,1210,1297,984,1033,1467,1422,1725,1777,1595,1688,1520,1562,1218,1367,1078,1097,1447,1636,1867,1884,1808,1856,1570,1667,1407,1345,1099,1082,1452,1622,1931,1786,1894,1789,1614,1635,1409,1571,1141,1148,1632,1423,1433,1830,2035,1872,1851,1804,1545,1706,1217,1195,1642,1595,1721,2013
394653,65,"Greenville, SC",Msa,SC,832,1010,1102,1074,1090,1122,958,779,781,526,656,420,454,611,550,654,803,814,724,780,710,743,710,421,442,640,764,815,957,650,622,473,540,472,547,373,434,590,548,609,745,624,714,637,585,560,590,438,502,687,632,838,856,842,952,665,769,697,786,556,554,778,961,1061,986,1128,1141,995,945,845,831,632,626,886,936,1101,1209,1274,1016,1220,1089,831,1066,719,775,1123,1124,1275,1567,1375,1396,1276,1177,962,1154,768,839,1263,1327,1448,1641,1382,1433,1352,1295,1157,1291,900,950,1384,1327,1546,1668,1501,1634,1446,1371,1262,1381,952,1054,1318,1473,1725,1692,1656,1675,1354,1447,1290,1318,854,1174,1474,1576,1780,1632,1740,1733,1551,1549,1264,1494,1044,1146,1622,1342,1388,1849,1832,1742,1766,1746,1492,1627,1170,1166,1756,1672,1770,1899
394952,66,"Ventura, CA",Msa,CA,319,374,506,473,485,551,577,449,474,408,441,314,304,479,501,605,632,627,572,583,619,544,663,374,442,582,591,660,715,561,543,514,482,445,518,387,414,500,504,503,582,550,593,580,530,456,566,414,409,615,616,773,748,691,811,691,717,724,745,458,516,739,758,800,785,866,859,726,766,622,724,500,457,594,757,786,804,829,836,682,755,611,743,519,499,786,939,893,985,997,924,932,878,607,792,542,541,845,809,912,1057,943,966,806,810,736,798,600,515,868,815,927,1088,869,935,850,812,719,688,602,553,822,736,920,856,857,917,658,800,634,606,492,520,658,804,872,857,910,912,781,872,711,660,552,552,701,551,399,696,915,980,981,975,871,958,636,649,895,1007,929,951
394318,67,"Allentown, PA",Msa,PA,570,760,763,810,866,855,882,772,751,585,598,427,326,442,533,578,811,845,796,749,766,873,762,342,328,586,636,756,957,662,555,491,535,522,588,357,319,420,441,533,602,605,664,594,579,549,625,418,358,457,617,618,684,737,820,580,693,653,630,514,459,566,693,806,793,1056,925,858,875,671,765,488,421,522,606,673,869,990,838,835,903,683,858,498,468,652,699,793,1070,1097,1122,935,961,784,811,607,575,710,783,993,1198,1072,1186,1042,1021,943,927,674,649,829,872,1120,1303,1244,1319,1055,1086,1027,944,725,584,812,980,1177,1298,1308,1443,994,1224,1010,954,736,700,854,1019,1246,1287,1333,1353,1151,1181,1092,1086,817,681,943,754,610,743,1323,1456,1417,1588,1366,1384,1041,750,1067,1065,1186,1606
394561,68,"El Paso, TX",Msa,TX,357,389,444,433,482,478,462,455,450,352,397,333,338,450,416,435,493,519,524,517,554,527,551,314,344,503,558,609,,514,497,509,411,477,517,339,309,499,456,503,537,497,562,491,424,416,427,324,374,405,511,515,537,537,518,500,569,445,519,414,337,461,515,528,500,623,549,483,467,411,491,402,405,483,567,546,629,617,564,499,549,482,592,391,406,584,664,630,709,685,618,608,611,488,552,437,493,635,684,678,768,724,697,648,638,581,626,571,541,673,692,811,812,730,784,682,732,683,644,533,565,724,823,894,891,943,899,694,729,670,710,608,546,754,811,976,778,871,851,725,809,652,771,687,599,725,684,668,852,918,885,743,720,687,816,631,614,699,780,737,
394367,69,"Baton Rouge, LA",Msa,LA,700,875,889,925,961,987,862,494,657,510,576,443,558,692,669,682,830,841,746,771,656,697,633,436,489,702,790,855,844,631,577,539,535,448,504,427,440,589,568,654,736,652,728,605,563,463,486,423,502,601,630,769,868,735,700,732,718,622,602,522,572,763,868,902,885,981,1035,774,766,625,681,556,640,740,843,1009,1006,997,882,897,786,676,792,626,699,892,936,1009,1068,1129,1036,1083,896,719,865,670,729,1036,960,1181,1226,1120,932,1095,1193,1066,1029,901,883,1178,1076,1242,1362,1270,1198,1065,1072,955,945,724,786,1096,1081,1216,1153,1279,1136,972,959,808,731,699,800,947,1087,1205,1113,1208,1139,976,1059,854,950,793,798,1046,958,892,1315,1455,1256,1252,1229,1139,1172,883,983,1342,1200,1440,1672
394521,70,"Dayton, OH",Msa,OH,333,369,445,473,614,569,491,432,400,262,291,186,194,246,318,326,518,530,488,484,528,476,441,231,192,390,473,543,536,378,360,347,295,295,327,230,219,269,284,358,350,369,388,358,332,288,346,250,256,361,376,576,535,557,593,491,560,448,477,434,365,495,570,639,663,794,794,628,637,527,482,427,367,488,597,727,844,889,741,688,761,530,664,442,526,600,765,829,1057,1210,1042,841,1074,626,740,553,544,762,878,1040,1179,1113,1140,1069,983,806,870,651,620,884,1011,1200,1277,1234,1169,1061,1117,900,868,769,618,956,1132,1113,1269,1265,1232,895,1074,918,878,617,601,755,929,1154,1101,1168,1086,1016,1036,903,865,760,621,781,741,794,985,1080,1173,1140,1153,1060,1063,889,1002,1018,839,1368,1653
394843,71,"McAllen, TX",Msa,TX,,,,,,,,,,,,,,,,,,,,,,,,,,,,,,,,,,,,,,,,,,,,,,,,,,,,,,,,,,,,,,,,,,,,,,,,,,,,,,,,,,,,,,,,,,,,,,,,,,,,,,,,,,,,,,,,,,,,,,,,205,215,255,277,295,284,253,305,258,259,208,236,223,233,289,334,360,317,297,295,289,314,289,281,297,258,316,253,254,351,369,369,362,359,297,336,294,241,355,352,317,
394486,72,"Columbia, SC",Msa,SC,717,848,924,942,1020,1096,842,772,728,522,553,367,419,596,549,598,797,818,791,773,785,793,725,381,424,612,713,808,927,677,541,511,487,477,572,332,334,551,437,600,635,548,608,526,481,482,553,435,422,551,519,562,629,678,742,579,623,540,607,482,498,669,674,889,876,926,928,766,757,603,724,507,513,760,814,863,977,997,905,916,846,668,870,605,692,907,932,1050,1220,1230,1133,934,882,720,881,750,806,1052,1106,1325,1435,1347,1337,1184,1114,967,1004,857,841,1242,1191,1360,1518,1430,1408,1279,1140,998,1177,827,911,1319,1289,1509,1569,1440,1564,1122,1191,1039,1179,851,973,1234,1339,1572,1543,1582,1514,1240,1286,1089,1264,944,975,1296,1032,1071,1623,1589,1491,1400,1478,1218,1604,933,980,1566,1364,1400,2002
394648,73,"Greensboro, NC",Msa,NC,746,764,742,854,872,833,753,676,610,400,501,330,384,457,477,544,598,650,596,574,647,623,517,323,337,557,644,678,,488,436,407,353,395,475,316,310,468,504,527,575,559,594,508,454,413,474,370,404,562,542,582,621,584,578,551,571,577,500,442,485,679,750,773,774,736,764,658,689,551,602,459,484,553,622,764,830,813,765,705,802,616,718,513,515,714,711,803,887,1018,902,791,845,632,781,510,572,861,922,988,1092,957,1019,898,865,858,867,673,714,1004,921,1059,1213,1046,1136,1024,917,862,885,638,703,933,1001,1152,1276,1079,1181,934,955,891,826,720,772,958,1031,1187,1041,1162,1126,929,1039,856,924,753,785,959,856,861,1107,1265,1127,1109,1194,952,1060,820,854,1074,994,523,727
394304,74,"Akron, OH",Msa,OH,248,290,346,363,470,437,388,394,362,228,248,156,172,223,265,301,369,409,378,381,400,401,320,184,213,312,407,446,476,282,317,282,269,244,254,149,141,259,246,293,342,322,407,346,285,278,290,222,241,331,358,447,487,451,556,408,505,436,426,304,265,426,438,561,591,694,629,533,542,414,461,300,324,412,471,615,676,704,650,665,636,489,550,344,361,511,567,687,830,864,783,703,651,484,614,432,438,638,686,777,934,882,872,810,720,651,637,458,480,660,701,907,1081,793,952,790,780,715,676,495,492,740,787,1016,949,978,990,762,854,754,667,480,496,628,789,901,950,950,955,783,803,606,605,459,486,579,615,639,772,1015,928,933,967,809,813,520,496,683,715,796,1236
753906,75,"North Port-Sarasota-Bradenton, FL",Msa,FL,752,936,1021,1096,1018,942,803,755,768,624,852,554,627,915,908,892,1068,1079,977,998,1088,1024,1338,825,941,1359,1381,1248,1426,1001,910,885,851,894,1224,920,1003,1450,1501,1444,1407,1185,1214,1068,1085,1072,1378,1033,1204,1552,1641,1754,1539,1419,1383,1156,1428,1344,1560,1308,1309,1763,2049,2029,1754,1828,1794,1579,1587,1484,1775,1344,1364,1791,2090,1934,1920,1817,1670,1670,1837,1404,1886,1385,1468,2209,2197,2226,2285,2231,1977,1893,1870,1600,2058,1480,1604,2165,2354,2371,2505,2022,2112,1958,1778,1800,2099,1536,1663,2477,2331,2611,2415,2082,2274,1719,1866,1884,2186,1808,1811,2467,2791,2863,2605,2303,2494,1873,2060,2019,2003,1544,1801,2437,2616,2876,2450,2397,2289,2044,2232,2087,2518,1806,2010,2668,2042,1589,2150,2662,2649,2594,2667,2435,2991,2098,2309,3621,3455,3170,3073
394798,76,"Little Rock, AR",Msa,AR,717,840,832,955,869,966,897,800,769,517,566,409,513,622,727,715,1037,1058,852,857,990,891,904,465,645,872,1146,1187,1248,809,841,762,753,702,758,566,592,864,873,964,1053,976,1096,986,889,857,922,769,914,1074,1075,1402,1481,1444,1635,1290,1463,1342,1232,1426,1445,,,,,,,,,,,,,,,,,,,,,,,,,,,,,,,,,,,,1730,1701,1362,1493,1404,1041,1109,1060,1247,1297,1406,1125,1104,1568,1445,1507,1591,1263,1202,1104,1067,1010,944,692,753,1023,1104,1325,1212,1227,1225,933,1031,905,864,654,842,993,1069,1223,1120,1242,1153,1075,1059,842,901,729,819,1035,986,1021,1248,1411,1280,1276,1334,1110,1099,813,744,1065,1073,1242,1698
395134,77,"Stockton, CA",Msa,CA,227,269,364,439,465,479,504,436,415,342,388,283,258,337,367,363,431,480,425,439,544,459,499,386,388,508,506,566,657,477,499,488,450,456,508,336,355,505,481,490,538,486,553,508,512,553,527,436,457,611,524,576,621,562,718,568,704,603,660,452,553,620,691,741,630,733,751,697,700,609,619,478,459,541,598,674,659,653,632,631,702,532,668,483,514,691,672,829,920,875,835,853,846,568,868,604,572,817,774,841,887,850,881,825,819,809,839,595,562,840,823,913,1044,805,989,929,923,816,854,587,583,820,727,869,880,732,896,703,826,716,725,520,573,742,770,878,779,847,866,739,888,736,800,631,565,700,605,478,688,829,782,818,877,753,836,565,555,732,822,576,942
394457,78,"Charleston, SC",Msa,SC,793,962,979,977,1079,1086,889,828,769,567,651,428,404,584,527,631,778,808,808,766,775,807,823,446,445,709,733,853,1096,746,652,632,614,601,618,471,444,691,645,769,818,766,872,749,651,626,738,546,560,776,807,990,932,984,1080,797,940,805,881,746,646,906,1059,1209,1217,1350,1335,1156,1179,975,1056,832,821,1075,1143,1302,1426,1400,1406,1297,1310,1039,1280,884,903,1425,1465,1517,1842,1795,1452,1576,1422,1095,1459,1124,1076,1486,1500,1782,2131,1771,1977,1591,1512,1371,1605,1264,1334,1836,1585,1946,2123,1841,1907,1548,1484,1498,1602,1279,1127,1699,1675,1951,2083,1881,1923,1303,1609,1271,1404,1188,1319,1664,1704,1920,2015,2066,1869,1432,1671,1425,1608,1289,1286,1704,1485,1476,1945,2300,2076,2082,2212,1704,1967,1566,1586,2162,2072,2073,2342
395143,79,"Syracuse, NY",Msa,NY,401,419,497,589,727,815,717,632,625,493,415,268,267,350,413,470,616,757,747,647,693,651,557,301,317,412,520,601,,501,535,431,470,465,475,309,261,343,378,470,627,594,682,571,538,457,552,380,310,372,422,607,682,704,767,542,649,573,518,402,289,422,476,569,631,823,755,647,694,500,496,396,317,383,457,530,721,720,743,663,728,521,584,369,339,440,485,519,695,905,797,770,729,565,610,438,394,484,491,626,747,769,920,803,808,662,633,492,442,501,515,736,901,856,1046,822,779,616,698,519,393,464,546,699,753,797,942,751,920,659,582,496,398,446,518,611,755,852,861,768,847,679,642,488,341,426,466,494,511,643,819,812,877,766,889,551,497,554,591,592,
394484,80,"Colorado Springs, CO",Msa,CO,539,820,800,786,965,1027,773,713,731,452,509,332,393,515,596,596,881,962,826,777,775,824,719,367,516,728,702,935,1027,756,719,583,570,617,633,407,362,619,673,683,846,747,805,697,655,599,660,450,456,622,750,900,905,1011,898,756,897,795,811,680,690,895,999,1210,1212,1404,1236,1034,1064,867,799,624,687,901,1067,1258,1360,1512,1323,1239,1174,897,1137,697,772,1226,1329,1586,1783,1821,1638,1517,1405,1100,1412,959,1112,1483,1612,1896,2198,1880,1917,1783,1610,1536,1599,981,820,1237,1172,1638,2276,2044,2126,1840,1827,1538,1502,1218,1218,1664,1663,1987,2093,1894,1996,1529,1708,1405,1353,1126,1221,1468,1696,1900,1951,2008,1925,1760,1741,1420,1534,1111,1189,1481,1406,1298,1931,2113,1946,1983,1940,1552,1458,1007,1062,1483,1617,1732,1860
395235,81,"Winston-Salem, NC",Msa,NC,570,629,648,752,780,688,659,600,501,403,399,292,328,320,415,480,578,518,528,516,559,515,436,275,314,455,592,610,671,422,385,414,378,340,394,318,270,424,448,534,551,525,527,480,428,407,448,325,409,452,480,581,547,533,558,501,496,470,493,418,403,586,651,752,704,733,714,572,630,512,500,440,434,512,615,737,743,730,732,588,724,519,677,435,482,660,692,794,868,900,779,761,715,561,665,492,532,702,805,914,1049,926,960,845,754,747,870,618,649,879,911,1090,1121,886,1083,923,1014,798,836,666,645,916,951,1162,1223,1047,1150,871,952,910,866,672,678,886,966,1156,1153,1124,1085,881,1037,845,863,755,726,969,978,940,1086,1179,1107,1029,1115,953,1115,748,795,1031,992,497,940
395224,82,"Wichita, KS",Msa,KS,,,,,,,,,,,,,,,,,,,,,,,,,,,,,,,,,,,,,,,,,,,,,,,,,,,,,,,,,,,,,126,,233,281,290,290,325,279,280,240,212,172,214,244,306,398,344,373,326,305,300,230,290,192,191,312,303,361,456,437,394,409,372,236,366,236,245,405,416,475,498,482,542,427,388,331,368,291,269,390,366,498,510,460,433,438,417,415,393,302,265,443,430,581,543,498,445,400,419,325,322,225,300,350,416,475,438,440,413,327,325,318,324,263,264,316,305,299,419,465,391,345,366,279,280,239,143,174,191,184,
395115,83,"Springfield, MA",Msa,MA,276,330,356,433,526,476,505,400,446,247,334,155,174,267,311,335,518,488,542,439,522,525,357,243,207,347,455,435,,345,315,334,311,297,372,267,167,259,266,376,423,454,486,373,325,372,332,235,202,324,346,445,515,451,525,395,441,421,390,284,241,343,354,495,543,582,619,486,470,424,431,279,245,274,389,482,601,562,623,530,534,422,460,304,241,329,385,509,684,749,658,613,559,409,515,406,339,449,477,588,784,673,757,656,514,540,602,429,281,489,464,579,795,737,790,662,623,574,553,436,342,415,465,633,812,807,792,568,599,600,534,395,332,439,579,658,772,773,767,676,670,559,633,431,354,468,474,543,610,811,764,772,757,674,811,490,440,556,579,563,816
394440,84,"Fort Myers, FL",Msa,FL,819,960,1352,1288,1099,1092,897,864,902,658,948,619,777,1070,1187,1198,1336,1243,1117,1157,1205,1140,1455,1091,1131,1711,1660,1569,1420,1175,977,1024,993,995,1190,1149,1231,1833,1708,1683,1619,1258,1301,1154,1083,1099,1221,1150,1333,1701,1854,1749,1596,1347,1270,1141,1296,1219,1385,1354,1316,1851,2073,2041,1786,1727,1591,1400,1524,1375,1527,1416,1387,1847,2308,2179,1987,1802,1591,1587,1742,1531,2027,1478,1632,2286,2445,2347,2398,2133,1854,1903,1924,1599,2069,1613,1486,2237,2427,2349,2265,1836,2019,1709,1776,1823,1900,1610,1650,2544,2347,2522,2419,1942,2167,1313,1683,1569,1918,1737,1614,2450,2678,2768,2313,2182,2213,1729,1723,1824,1733,1473,1874,2163,2555,2814,2193,2330,2074,1863,1969,1710,2166,1958,1815,2594,2046,1454,1997,2355,2563,2490,2907,2490,3085,2729,2716,4054,4060,3498,3918
394399,85,"Boise City, ID",Msa,ID,575,694,700,763,792,775,750,748,575,445,473,372,409,550,616,725,849,842,780,850,904,875,590,423,557,823,982,971,993,619,716,774,708,707,776,553,652,844,898,878,999,886,960,855,863,746,762,642,718,834,978,939,1051,978,1104,889,1008,885,796,605,738,899,1077,1338,1282,1347,1318,1068,1022,869,923,718,696,965,1118,1283,1282,1392,1211,1151,1140,856,958,734,836,1150,1338,1442,1611,1579,1390,1385,1275,1019,1226,841,954,1318,1494,1641,1876,1644,1715,1601,1427,1466,1312,885,896,1343,1441,1723,1987,1720,1918,1751,1601,1431,1339,1015,1109,1478,1524,1928,1948,1811,1890,1401,1564,1337,1068,899,1033,1236,1502,1769,1657,1656,1587,1356,1426,1216,1214,1061,1128,1516,1357,1258,1713,1982,1809,1715,1669,1337,1208,818,779,1217,1328,1329,1880
395160,86,"Toledo, OH",Msa,OH,173,208,231,269,281,300,300,279,228,173,168,101,122,136,179,192,254,269,266,273,287,270,232,129,126,214,240,309,319,210,201,165,193,177,197,149,120,174,193,216,243,258,250,244,224,214,235,147,153,208,209,315,333,336,372,282,368,312,284,254,242,251,287,383,434,415,410,367,416,345,341,231,202,282,369,445,565,493,488,471,463,349,353,273,288,323,426,463,555,556,498,479,443,322,470,277,301,418,463,562,580,564,558,604,551,424,513,325,333,482,453,578,660,603,667,524,528,473,441,343,328,448,485,646,679,607,706,476,590,411,402,277,300,373,464,613,594,568,535,428,495,405,453,325,284,390,371,366,523,563,598,596,579,481,533,373,310,473,473,621,
394816,87,"Madison, WI",Msa,WI,309,453,587,717,873,900,690,543,447,301,320,199,210,329,462,554,760,1014,826,604,587,590,398,245,279,485,668,776,1055,494,470,352,305,351,338,330,228,356,444,608,711,653,600,419,385,382,344,324,312,415,530,719,913,845,829,553,639,461,466,427,382,536,790,937,1062,1280,1106,803,734,606,544,434,375,568,716,866,1191,1136,812,798,747,538,640,422,400,740,895,1097,1398,1360,1022,855,826,634,594,518,438,759,913,1127,1458,1192,1139,836,739,681,738,497,445,758,819,1115,1435,1212,1194,962,857,739,669,559,479,743,902,1041,1286,1240,1117,841,858,705,618,386,518,640,748,1007,1128,1190,1011,757,727,707,646,492,449,676,758,799,1042,1056,1067,1076,954,887,800,556,454,631,644,710,959
394766,88,"Lakeland, FL",Msa,FL,452,580,566,523,578,532,452,451,449,334,447,249,262,395,367,388,445,434,429,417,471,430,505,351,353,483,488,470,562,459,402,424,319,398,401,356,390,505,495,460,562,497,547,460,487,520,540,407,435,615,590,627,578,569,631,475,570,527,563,461,478,694,779,668,674,683,718,664,676,555,747,546,552,667,783,803,729,757,698,682,782,633,757,579,595,930,956,898,920,922,908,898,903,722,941,678,835,966,1008,1050,1182,1061,1198,941,953,954,1113,810,841,1203,1034,1270,1282,1215,1296,850,1123,1099,1180,1019,883,1132,1370,1505,1449,1294,1452,1144,1350,1167,1197,1077,1005,1359,1551,1668,1455,1535,1577,1394,1467,1296,1512,1175,1087,1304,1086,854,1291,1412,1371,1421,1464,1137,1567,1065,1118,1510,1672,1474,1986
394931,89,"Ogden, UT",Msa,UT,520,598,656,707,630,698,625,566,537,395,456,319,354,433,485,547,691,691,533,589,643,593,454,293,335,598,668,650,588,471,432,408,414,382,414,323,320,468,474,503,508,513,501,491,487,463,488,325,437,566,579,649,707,632,758,589,701,612,604,450,478,671,788,883,805,864,842,624,684,561,596,473,493,657,720,852,830,868,878,830,750,650,686,475,617,891,929,951,1067,1053,939,960,812,650,809,583,601,885,1007,1073,1130,969,1109,1036,935,823,912,569,618,877,855,1084,1081,1004,1129,1028,989,793,813,648,741,904,870,1015,1037,972,1054,764,859,828,672,558,628,819,825,1072,1018,1065,1036,851,953,804,799,633,658,772,800,918,1095,1189,1063,1043,979,880,804,515,570,683,832,808,1301
394528,90,"Daytona Beach, FL",Msa,FL,498,585,608,670,606,626,567,603,546,428,490,308,378,493,503,554,588,728,646,660,600,677,768,426,491,669,688,705,787,687,593,567,578,561,708,500,475,707,774,763,836,720,797,666,703,663,831,554,686,796,865,978,881,859,930,728,954,824,929,721,778,948,1171,1198,1023,1227,1196,1004,1025,924,1043,765,801,968,1128,1149,1149,1185,1151,1107,1109,934,1213,796,954,1182,1322,1281,1486,1333,1276,1314,1215,1021,1415,948,1005,1420,1400,1494,1764,1474,1590,1342,1207,1210,1353,1027,1197,1665,1528,1750,1761,1584,1600,1111,1399,1304,1521,1113,1193,1578,1683,1910,1826,1592,1834,1441,1555,1293,1469,1054,1112,1510,1693,1900,1567,1702,1611,1368,1413,1309,1689,1177,1184,1618,1307,1106,1672,1894,1844,1812,1753,1620,1899,1345,1475,2036,1985,1925,2147
394531,91,"Des Moines, IA",Msa,IA,553,611,789,827,935,925,832,869,676,499,503,278,368,495,548,702,836,941,850,902,918,902,527,311,379,614,840,1003,,524,593,566,508,528,529,378,373,555,612,695,832,761,746,741,673,570,675,435,469,682,772,958,998,916,974,763,914,747,794,603,595,857,957,1134,1244,1296,1233,1027,1008,840,847,532,540,797,913,1186,1318,1227,1153,1048,1096,845,957,599,625,963,1133,1427,1619,1592,1349,1192,1175,940,1039,761,802,1077,1254,1486,1808,1495,1437,1232,1259,1161,1119,843,772,1226,1281,1585,1779,1515,1471,1248,1301,1129,1135,765,744,1092,1281,1568,1626,1559,1557,1094,1243,1170,1026,704,702,902,1141,1421,1480,1411,1363,1217,1221,1028,1075,804,762,1039,1130,1242,1702,1790,1706,1524,1568,1289,1318,867,804,1183,1219,1453,1826
394711,92,"Jackson, MS",Msa,MS,360,484,477,527,539,483,516,358,386,290,361,220,245,292,342,371,471,479,423,352,396,366,333,209,258,374,406,488,500,393,365,275,310,312,278,213,231,324,325,367,400,379,417,360,318,307,355,228,278,316,344,444,416,430,467,304,407,283,310,277,295,336,440,467,451,487,513,460,399,378,382,263,296,398,441,468,514,559,480,468,375,333,383,216,295,400,429,487,590,617,474,480,481,348,408,281,316,466,476,520,568,544,593,425,458,389,456,276,315,482,453,569,536,548,554,485,522,415,454,344,327,493,495,667,691,632,572,448,442,373,408,293,365,468,524,595,560,635,504,474,457,395,468,324,401,491,429,499,647,698,605,631,657,482,612,377,379,512,555,602,
394352,94,"Augusta, GA",Msa,GA,590,612,639,691,762,752,674,634,561,391,430,354,388,483,535,540,662,704,639,630,626,583,661,323,435,663,678,774,791,576,591,487,516,470,488,369,427,531,501,539,675,582,526,508,455,448,536,399,393,547,509,599,577,646,615,478,591,537,499,400,446,549,568,707,660,721,689,604,668,598,544,467,461,594,678,661,926,846,789,565,773,582,769,577,561,759,782,909,993,973,835,809,751,567,699,598,656,937,816,960,1032,1073,1050,974,934,830,841,664,722,1042,836,1153,1228,1026,1130,945,913,906,912,758,822,1016,991,1224,1291,1159,1225,898,913,827,823,728,731,1045,1069,1177,1231,1361,1122,987,1040,876,996,783,857,1014,971,979,1225,1253,1128,1194,1135,981,1070,852,894,1229,1121,1193,1624
394666,96,"Harrisburg, PA",Msa,PA,395,521,644,655,722,803,671,643,593,480,444,315,336,428,491,531,694,684,648,650,651,677,543,291,275,493,545,678,773,553,493,503,425,437,419,286,305,397,394,443,579,545,554,457,385,393,407,351,316,383,474,583,615,638,585,464,533,538,563,370,380,465,555,697,689,698,689,597,597,536,511,361,357,447,487,689,686,707,673,665,669,573,620,445,363,496,543,687,756,797,717,701,709,490,645,472,429,554,653,755,931,828,812,681,736,623,713,453,442,575,693,866,942,814,876,730,697,668,630,527,416,601,674,772,890,924,915,674,800,688,711,462,473,621,698,775,942,900,895,710,837,664,702,586,512,558,555,422,579,884,1018,938,875,773,867,539,524,687,718,812,971
395006,100,"Provo, UT",Msa,UT,293,354,382,409,404,462,460,403,353,260,317,193,248,358,389,404,557,562,494,478,463,464,424,248,296,461,548,494,471,354,392,390,349,359,364,318,334,431,455,461,545,442,521,453,447,421,482,314,379,460,506,575,550,534,593,552,533,498,474,396,400,509,585,708,691,684,710,617,518,469,499,397,438,557,610,675,641,720,769,613,665,561,558,391,532,697,792,752,952,910,889,748,715,504,644,481,511,757,735,850,920,853,948,882,694,713,705,511,525,731,725,872,969,794,1024,878,790,703,667,530,590,670,703,803,868,821,842,642,670,611,557,480,474,642,738,846,813,898,930,730,760,630,659,462,571,749,648,735,1003,1052,953,928,900,742,698,438,495,639,812,746,
394602,159,"Fort Collins, CO",Msa,CO,245,364,417,483,525,501,505,419,430,252,246,165,185,251,297,342,483,539,489,391,417,384,337,184,203,361,422,502,608,456,360,343,316,282,305,229,198,320,326,458,462,470,499,376,341,315,325,248,208,367,420,503,580,626,660,521,568,462,458,437,382,553,600,803,805,867,855,650,582,476,529,362,356,515,627,742,848,886,798,762,733,512,601,434,400,651,699,689,933,889,827,770,693,509,684,427,425,706,670,766,799,860,804,712,736,585,651,433,442,701,724,877,912,810,853,763,687,646,600,467,423,595,664,849,911,883,804,638,634,566,556,381,441,621,706,843,768,829,809,656,668,584,674,456,512,729,624,504,958,1067,973,944,925,686,701,501,541,812,853,966,1169
